Vessel Name,IMO,MMSI,Latitude,Longitude,Date,Direction,Degrees,Speed,Position Source,Temperature (°C),Pressure reduced to MSL (hPa),Visibility (m),Wind Speed (m/s),Wind Direction (°),Current Speed (m/s),Current Direction (°),Water Temperature (°C),Significant height of combined wind (m),Direction of wind waves (°),Significant height of wind waves (m),Mean period of wind waves (s),Direction of swell waves (°),Significant height of swell waves (m),Mean period of swell waves (s),Total Precipitation Probability (%)
JINGU,9021423,353662000,29.53157,34.94194,28/12/2018 16:53:02 +00:00,SSW,194,0,S-AIS,10.9,102020,29300,3.09,127,0,0,,,307,,,,,,2
JINGU,9021423,353662000,29.53148,34.9421,30/12/2018 17:30:40 +00:00,SE,128,0.5,S-AIS,10.9,102220,24800,1.54,164,0,0,,,344,,,,,,3
JINGU,9021423,353662000,29.5314,34.9422,30/12/2018 17:31:40 +00:00,SE,130,0.4,S-AIS,10.9,102220,24800,1.54,164,0,0,,,344,,,,,,3
JINGU,9021423,353662000,29.52292,34.94867,30/12/2018 17:54:19 +00:00,S,174,2.8,S-AIS,10.9,102220,24800,1.54,164,0,0,,,344,,,,,,3
JINGU,9021423,353662000,29.41445,34.90067,30/12/2018 18:33:20 +00:00,SSW,200,14,S-AIS,9,102190,25100,3.6,181,0,0,23.9,0.5,1,0.5,3,200,0.1,4,2
JINGU,9021423,353662000,29.41269,34.89986,30/12/2018 18:33:49 +00:00,SSW,201,14.1,S-AIS,9,102190,25100,3.6,181,0,0,23.9,0.5,1,0.5,3,200,0.1,4,2
JINGU,9021423,353662000,28.36287,34.55822,30/12/2018 22:43:13 +00:00,SSW,195,15.9,S-AIS,17.7,102070,32600,8.23,176,0.15,111,23.9,0.6,356,0.6,3,274,0.1,4,1
JINGU,9021423,353662000,28.07401,34.4695,30/12/2018 23:50:26 +00:00,SSW,194,15.8,S-AIS,10.6,102100,32600,2.57,194,0,0,23.3,0.8,14,0.7,3,332,0.3,4,1
JINGU,9021423,353662000,28.06133,34.46578,30/12/2018 23:53:26 +00:00,SSW,194,15.4,S-AIS,10.6,102100,32600,2.57,194,0,0,23.3,0.8,14,0.7,3,332,0.3,4,1
JINGU,9021423,353662000,27.94556,34.43737,31/12/2018 00:21:19 +00:00,S,174,15.4,S-AIS,10.6,102100,32600,2.57,194,0,0,23.3,0.8,14,0.7,3,332,0.3,4,1
JINGU,9021423,353662000,27.66253,34.54253,31/12/2018 01:29:01 +00:00,SSE,160,16.1,S-AIS,17.7,102070,32600,8.23,176,0.15,111,23.9,0.6,356,0.6,3,274,0.1,4,1
JINGU,9021423,353662000,26.1193,35.15578,31/12/2018 07:35:07 +00:00,SSE,154,15.9,S-AIS,20.7,102130,32600,6.69,169,0.05,267.99,23.6,1,349,0.3,2,343,1,5,2
JINGU,9021423,353662000,25.65119,35.42879,31/12/2018 09:38:02 +00:00,SSE,153,14.8,S-AIS,21.2,101810,32600,1.54,203,0.1,276,23.6,0.8,23,0.1,3,342,0.8,5,2
JINGU,9021423,353662000,25.64709,35.43105,31/12/2018 09:39:08 +00:00,SSE,153,14.9,S-AIS,21.2,101810,32600,1.54,203,0.1,276,23.6,0.8,23,0.1,3,342,0.8,5,2
JINGU,9021423,353662000,25.64523,35.43207,31/12/2018 09:39:38 +00:00,SSE,153,14.9,S-AIS,21.2,101810,32600,1.54,203,0.1,276,23.6,0.8,23,0.1,3,342,0.8,5,2
JINGU,9021423,353662000,25.64448,35.43247,31/12/2018 09:39:50 +00:00,SSE,153,14.9,S-AIS,21.2,101810,32600,1.54,203,0.1,276,23.6,0.8,23,0.1,3,342,0.8,5,2
JINGU,9021423,353662000,25.64,35.43493,31/12/2018 09:41:02 +00:00,SSE,153,14.9,S-AIS,21.2,101810,32600,1.54,203,0.1,276,23.6,0.8,23,0.1,3,342,0.8,5,2
JINGU,9021423,353662000,25.63777,35.43616,31/12/2018 09:41:38 +00:00,SSE,153,14.9,S-AIS,21.2,101810,32600,1.54,203,0.1,276,23.6,0.8,23,0.1,3,342,0.8,5,2
JINGU,9021423,353662000,25.63627,35.43697,31/12/2018 09:42:02 +00:00,SSE,153,14.9,S-AIS,21.2,101810,32600,1.54,203,0.1,276,23.6,0.8,23,0.1,3,342,0.8,5,2
JINGU,9021423,353662000,25.63252,35.43901,31/12/2018 09:43:02 +00:00,SSE,153,15,S-AIS,21.2,101810,32600,1.54,203,0.1,276,23.6,0.8,23,0.1,3,342,0.8,5,2
JINGU,9021423,353662000,25.18898,35.62811,31/12/2018 11:35:55 +00:00,SSE,160,15.2,S-AIS,21.2,101750,32600,5.66,246,0.46,5,24.4,0.9,66,0.5,3,330,0.7,5,1
JINGU,9021423,353662000,24.87608,35.79048,31/12/2018 12:57:01 +00:00,SSE,158,15.5,S-AIS,21.2,101750,32600,5.66,246,0.46,5,24.4,0.9,66,0.5,3,330,0.7,5,1
JINGU,9021423,353662000,24.74228,35.86635,31/12/2018 13:32:25 +00:00,SSE,147,15.1,S-AIS,21.2,101750,32600,5.66,246,0.46,5,24.4,0.9,66,0.5,3,330,0.7,5,1
JINGU,9021423,353662000,24.15825,36.24607,31/12/2018 16:10:59 +00:00,SSE,149,15.4,S-AIS,21.9,101780,32600,4.12,156,0.15,87,25.4,0.6,336,0.2,2,1,0.6,4,1
JINGU,9021423,353662000,24.15708,36.2468,31/12/2018 16:11:17 +00:00,SSE,150,15.4,S-AIS,21.9,101780,32600,4.12,156,0.15,87,25.4,0.6,336,0.2,2,1,0.6,4,1
JINGU,9021423,353662000,23.98847,36.35116,31/12/2018 16:55:47 +00:00,SSE,149,15.7,S-AIS,21.9,101780,32600,4.12,156,0.15,87,25.4,0.6,336,0.2,2,1,0.6,4,1
JINGU,9021423,353662000,23.9881,36.35141,31/12/2018 16:55:54 +00:00,SSE,149,15.7,S-AIS,21.9,101780,32600,4.12,156,0.15,87,25.4,0.6,336,0.2,2,1,0.6,4,1
JINGU,9021423,353662000,23.98734,36.3519,31/12/2018 16:56:05 +00:00,SSE,149,15.7,S-AIS,21.9,101780,32600,4.12,156,0.15,87,25.4,0.6,336,0.2,2,1,0.6,4,1
JINGU,9021423,353662000,23.985,36.35342,31/12/2018 16:56:41 +00:00,SSE,149,15.7,S-AIS,21.9,101780,32600,4.12,156,0.15,87,25.4,0.6,336,0.2,2,1,0.6,4,1
JINGU,9021423,353662000,23.985,36.35342,31/12/2018 16:56:42 +00:00,SSE,149,15.7,S-AIS,21.9,101780,32600,4.12,156,0.15,87,25.4,0.6,336,0.2,2,1,0.6,4,1
JINGU,9021423,353662000,23.94703,36.37772,31/12/2018 17:06:49 +00:00,SSE,149,15.7,S-AIS,21.9,101780,32600,4.12,156,0.15,87,25.4,0.6,336,0.2,2,1,0.6,4,1
JINGU,9021423,353662000,23.69842,36.53223,31/12/2018 18:12:01 +00:00,SSE,150,15.4,S-AIS,22,101740,32600,2.57,119,0.21,345,25.9,0.5,299,0.1,3,330,0.5,5,1
JINGU,9021423,353662000,23.62483,36.57734,31/12/2018 18:31:35 +00:00,SSE,149,15.4,S-AIS,22,101740,32600,2.57,119,0.21,345,25.9,0.5,299,0.1,3,330,0.5,5,1
JINGU,9021423,353662000,23.6211,36.57964,31/12/2018 18:32:35 +00:00,SSE,150,15.4,S-AIS,22,101740,32600,2.57,119,0.21,345,25.9,0.5,299,0.1,3,330,0.5,5,1
JINGU,9021423,353662000,23.45461,36.68216,31/12/2018 19:17:42 +00:00,SSE,149,15.5,S-AIS,22.1,101760,32600,3.6,168,0.26,24,25.6,0.7,348,0.3,2,346,0.6,5,1
JINGU,9021423,353662000,22.64025,37.18544,31/12/2018 22:51:25 +00:00,SSE,152,15,S-AIS,22,101610,32600,3.09,132,0.31,30,25.6,0.5,312,0.1,2,344,0.5,5,1
JINGU,9021423,353662000,22.61443,37.20039,31/12/2018 22:58:26 +00:00,SSE,151,15,S-AIS,22,101610,32600,3.09,132,0.31,30,25.6,0.5,312,0.1,2,344,0.5,5,1
JINGU,9021423,353662000,22.61369,37.20082,31/12/2018 22:58:38 +00:00,SSE,151,15,S-AIS,22,101610,32600,3.09,132,0.31,30,25.6,0.5,312,0.1,2,344,0.5,5,1
JINGU,9021423,353662000,22.60848,37.20382,31/12/2018 23:00:03 +00:00,SSE,151,15,S-AIS,22,101610,32600,3.09,132,0.31,30,25.6,0.5,312,0.1,2,344,0.5,5,1
JINGU,9021423,353662000,22.60705,37.20465,31/12/2018 23:00:26 +00:00,SSE,151,15,S-AIS,22,101610,32600,3.09,132,0.31,30,25.6,0.5,312,0.1,2,344,0.5,5,1
JINGU,9021423,353662000,22.60631,37.20507,31/12/2018 23:00:38 +00:00,SSE,151,15,S-AIS,22,101610,32600,3.09,132,0.31,30,25.6,0.5,312,0.1,2,344,0.5,5,1
JINGU,9021423,353662000,22.46578,37.28619,31/12/2018 23:38:18 +00:00,SSE,152,15.2,S-AIS,21.4,101610,32600,3.09,130,0.21,358,26.4,0.5,310,0.2,2,5,0.5,4,1
JINGU,9021423,353662000,22.3951,37.3306,31/12/2018 23:57:30 +00:00,SSE,148,15.3,S-AIS,21.4,101610,32600,3.09,130,0.21,358,26.4,0.5,310,0.2,2,5,0.5,4,1
JINGU,9021423,353662000,22.35157,37.35879,01/01/2019 00:09:19 +00:00,SSE,149,15.5,S-AIS,21.4,101610,32600,3.09,130,0.21,358,26.4,0.5,310,0.2,2,5,0.5,4,1
JINGU,9021423,353662000,22.27033,37.40947,01/01/2019 00:30:49 +00:00,SSE,150,15.7,S-AIS,21.4,101610,32600,3.09,130,0.21,358,26.4,0.5,310,0.2,2,5,0.5,4,1
JINGU,9021423,353662000,22.25511,37.41881,01/01/2019 00:34:50 +00:00,SSE,150,15.7,S-AIS,21.4,101610,32600,3.09,130,0.21,358,26.4,0.5,310,0.2,2,5,0.5,4,1
JINGU,9021423,353662000,22.13676,37.49217,01/01/2019 01:05:54 +00:00,SSE,149,15.7,S-AIS,21.4,101610,32600,3.09,130,0.21,358,26.4,0.5,310,0.2,2,5,0.5,4,1
JINGU,9021423,353662000,22.00487,37.57473,01/01/2019 01:40:42 +00:00,SSE,150,15.7,S-AIS,23.6,101580,32600,3.6,161,0.1,55,26.5,0.6,341,0.3,3,331,0.5,5,3
JINGU,9021423,353662000,21.40444,37.94027,01/01/2019 04:19:54 +00:00,SSE,150,15.4,S-AIS,24.6,101740,32600,2.06,194,0.1,26,27.1,0.5,14,0.1,2,349,0.5,5,2
JINGU,9021423,353662000,21.40332,37.94094,01/01/2019 04:20:11 +00:00,SSE,150,15.4,S-AIS,24.6,101740,32600,2.06,194,0.1,26,27.1,0.5,14,0.1,2,349,0.5,5,2
JINGU,9021423,353662000,21.40067,37.94254,01/01/2019 04:20:54 +00:00,SSE,150,15.4,S-AIS,24.6,101740,32600,2.06,194,0.1,26,27.1,0.5,14,0.1,2,349,0.5,5,2
JINGU,9021423,353662000,21.28155,38.01403,01/01/2019 04:52:42 +00:00,SSE,150,15.4,S-AIS,24.6,101740,32600,2.06,194,0.1,26,27.1,0.5,14,0.1,2,349,0.5,5,2
JINGU,9021423,353662000,21.26603,38.02335,01/01/2019 04:56:49 +00:00,SSE,151,15.5,S-AIS,24.6,101740,32600,2.06,194,0.1,26,27.1,0.5,14,0.1,2,349,0.5,5,2
JINGU,9021423,353662000,21.02527,38.16756,01/01/2019 06:00:18 +00:00,SSE,149,15.6,S-AIS,24.6,101740,32600,2.06,194,0.1,26,27.1,0.5,14,0.1,2,349,0.5,5,2
JINGU,9021423,353662000,20.1301,38.71325,01/01/2019 10:04:48 +00:00,SSE,150,14.3,S-AIS,27,101450,32600,4.63,327,0.36,316,28.3,0.6,147,0.4,2,329,0.5,5,5
JINGU,9021423,353662000,20.06043,38.75443,01/01/2019 10:24:49 +00:00,SSE,150,14.3,S-AIS,27,101450,32600,4.63,327,0.36,316,28.3,0.6,147,0.4,2,329,0.5,5,5
JINGU,9021423,353662000,19.8967,38.85274,01/01/2019 11:12:25 +00:00,SSE,151,14.2,S-AIS,27,101450,32600,4.63,327,0.36,316,28.3,0.6,147,0.4,2,329,0.5,5,5
JINGU,9021423,353662000,19.84768,38.88144,01/01/2019 11:26:25 +00:00,SSE,151,14.4,S-AIS,27,101450,32600,4.63,327,0.36,316,28.3,0.6,147,0.4,2,329,0.5,5,5
JINGU,9021423,353662000,19.78809,38.91767,01/01/2019 11:43:24 +00:00,SSE,149,14.6,S-AIS,27,101450,32600,4.63,327,0.36,316,28.3,0.6,147,0.4,2,329,0.5,5,5
JINGU,9021423,353662000,19.76838,38.93003,01/01/2019 11:49:00 +00:00,SSE,149,14.7,S-AIS,27,101450,32600,4.63,327,0.36,316,28.3,0.6,147,0.4,2,329,0.5,5,5
JINGU,9021423,353662000,18.93357,39.42845,01/01/2019 15:35:00 +00:00,SSE,150,15.5,S-AIS,27,101540,32600,4.63,305,0.36,50,28,0.8,125,0.4,3,163,0.7,5,3
JINGU,9021423,353662000,18.79904,39.50183,01/01/2019 16:09:36 +00:00,SSE,153,15.6,S-AIS,27,101530,32600,3.6,321,0.1,112,28.2,0.7,141,0.3,2,181,0.6,4,2
JINGU,9021423,353662000,18.72619,39.5412,01/01/2019 16:28:35 +00:00,SSE,153,15.3,S-AIS,27,101530,32600,3.6,321,0.1,112,28.2,0.7,141,0.3,2,181,0.6,4,2
JINGU,9021423,353662000,18.72574,39.54144,01/01/2019 16:28:41 +00:00,SSE,153,15.3,S-AIS,27,101530,32600,3.6,321,0.1,112,28.2,0.7,141,0.3,2,181,0.6,4,2
JINGU,9021423,353662000,18.72504,39.5418,01/01/2019 16:28:53 +00:00,SSE,153,15.3,S-AIS,27,101530,32600,3.6,321,0.1,112,28.2,0.7,141,0.3,2,181,0.6,4,2
JINGU,9021423,353662000,18.72427,39.54219,01/01/2019 16:29:04 +00:00,SSE,153,15.3,S-AIS,27,101530,32600,3.6,321,0.1,112,28.2,0.7,141,0.3,2,181,0.6,4,2
JINGU,9021423,353662000,18.72382,39.54242,01/01/2019 16:29:11 +00:00,SSE,153,15.3,S-AIS,27,101530,32600,3.6,321,0.1,112,28.2,0.7,141,0.3,2,181,0.6,4,2
JINGU,9021423,353662000,18.72272,39.54298,01/01/2019 16:29:29 +00:00,SSE,154,15.3,S-AIS,27,101530,32600,3.6,321,0.1,112,28.2,0.7,141,0.3,2,181,0.6,4,2
JINGU,9021423,353662000,18.72234,39.54317,01/01/2019 16:29:35 +00:00,SSE,154,15.3,S-AIS,27,101530,32600,3.6,321,0.1,112,28.2,0.7,141,0.3,2,181,0.6,4,2
JINGU,9021423,353662000,18.72119,39.54377,01/01/2019 16:29:53 +00:00,SSE,153,15.3,S-AIS,27,101530,32600,3.6,321,0.1,112,28.2,0.7,141,0.3,2,181,0.6,4,2
JINGU,9021423,353662000,18.7169,39.546,01/01/2019 16:30:59 +00:00,SSE,153,15.2,S-AIS,27,101530,32600,3.6,321,0.1,112,28.2,0.7,141,0.3,2,181,0.6,4,2
JINGU,9021423,353662000,18.7074,39.55093,01/01/2019 16:33:29 +00:00,SSE,153,15.3,S-AIS,27,101530,32600,3.6,321,0.1,112,28.2,0.7,141,0.3,2,181,0.6,4,2
JINGU,9021423,353662000,18.70618,39.55156,01/01/2019 16:33:48 +00:00,SSE,153,15.3,S-AIS,27,101530,32600,3.6,321,0.1,112,28.2,0.7,141,0.3,2,181,0.6,4,2
JINGU,9021423,353662000,18.68333,39.56358,01/01/2019 16:39:48 +00:00,SSE,152,15.2,S-AIS,27,101530,32600,3.6,321,0.1,112,28.2,0.7,141,0.3,2,181,0.6,4,2
JINGU,9021423,353662000,18.67359,39.56889,01/01/2019 16:42:24 +00:00,SSE,152,15,S-AIS,27,101530,32600,3.6,321,0.1,112,28.2,0.7,141,0.3,2,181,0.6,4,2
JINGU,9021423,353662000,18.56905,39.63028,01/01/2019 17:11:13 +00:00,SSE,148,14.9,S-AIS,27,101530,32600,3.6,321,0.1,112,28.2,0.7,141,0.3,2,181,0.6,4,2
JINGU,9021423,353662000,18.41838,39.70171,01/01/2019 17:50:37 +00:00,SSE,158,15.1,S-AIS,26.6,101520,32600,4.63,305,0.15,279,27.7,0.7,125,0.4,3,168,0.6,5,2
JINGU,9021423,353662000,18.30761,39.76215,01/01/2019 18:20:07 +00:00,SE,145,15.4,S-AIS,26.6,101520,32600,4.63,305,0.15,279,27.7,0.7,125,0.4,3,168,0.6,5,2
JINGU,9021423,353662000,18.29595,39.77045,01/01/2019 18:23:24 +00:00,SE,145,15.4,S-AIS,26.6,101520,32600,4.63,305,0.15,279,27.7,0.7,125,0.4,3,168,0.6,5,2
JINGU,9021423,353662000,18.1839,39.84701,01/01/2019 18:54:18 +00:00,SSE,148,15.5,S-AIS,26.6,101520,32600,4.63,305,0.15,279,27.7,0.7,125,0.4,3,168,0.6,5,2
JINGU,9021423,353662000,17.6105,40.21692,01/01/2019 21:31:13 +00:00,SSE,149,15.7,S-AIS,26.5,101420,31500,5.66,317,0.15,277,27.7,0.6,137,0.3,3,156,0.5,5,2
JINGU,9021423,353662000,17.50103,40.28346,01/01/2019 22:00:37 +00:00,SSE,148,15.4,S-AIS,26.5,101420,31500,5.66,317,0.15,277,27.7,0.6,137,0.3,3,156,0.5,5,2
JINGU,9021423,353662000,17.48339,40.29515,01/01/2019 22:05:27 +00:00,SSE,147,15.5,S-AIS,26.4,101420,28900,5.14,323,0.15,125,27.5,0.7,143,0.2,3,127,0.7,5,2
JINGU,9021423,353662000,17.48273,40.29559,01/01/2019 22:05:38 +00:00,SSE,147,15.5,S-AIS,26.4,101420,28900,5.14,323,0.15,125,27.5,0.7,143,0.2,3,127,0.7,5,2
JINGU,9021423,353662000,17.47975,40.29758,01/01/2019 22:06:27 +00:00,SSE,147,15.4,S-AIS,26.4,101420,28900,5.14,323,0.15,125,27.5,0.7,143,0.2,3,127,0.7,5,2
JINGU,9021423,353662000,17.47325,40.30192,01/01/2019 22:08:14 +00:00,SSE,147,15.4,S-AIS,26.4,101420,28900,5.14,323,0.15,125,27.5,0.7,143,0.2,3,127,0.7,5,2
JINGU,9021423,353662000,17.47289,40.30216,01/01/2019 22:08:20 +00:00,SSE,147,15.4,S-AIS,26.4,101420,28900,5.14,323,0.15,125,27.5,0.7,143,0.2,3,127,0.7,5,2
JINGU,9021423,353662000,17.47101,40.30341,01/01/2019 22:08:51 +00:00,SSE,147,15.4,S-AIS,26.4,101420,28900,5.14,323,0.15,125,27.5,0.7,143,0.2,3,127,0.7,5,2
JINGU,9021423,353662000,17.47029,40.30389,01/01/2019 22:09:03 +00:00,SSE,147,15.4,S-AIS,26.4,101420,28900,5.14,323,0.15,125,27.5,0.7,143,0.2,3,127,0.7,5,2
JINGU,9021423,353662000,17.3971,40.34807,01/01/2019 22:28:43 +00:00,SSE,152,15.3,S-AIS,26.4,101420,28900,5.14,323,0.15,125,27.5,0.7,143,0.2,3,127,0.7,5,2
JINGU,9021423,353662000,17.33354,40.38256,01/01/2019 22:45:25 +00:00,SSE,150,15.3,S-AIS,26.4,101420,28900,5.14,323,0.15,125,27.5,0.7,143,0.2,3,127,0.7,5,2
JINGU,9021423,353662000,17.27804,40.41479,01/01/2019 23:00:13 +00:00,SSE,150,15.4,S-AIS,26.4,101420,28900,5.14,323,0.15,125,27.5,0.7,143,0.2,3,127,0.7,5,2
JINGU,9021423,353662000,17.21855,40.44982,01/01/2019 23:16:12 +00:00,SSE,149,15.2,S-AIS,26.4,101420,28900,5.14,323,0.15,125,27.5,0.7,143,0.2,3,127,0.7,5,2
JINGU,9021423,353662000,17.14646,40.49291,01/01/2019 23:35:43 +00:00,SSE,150,15.3,S-AIS,26.4,101420,28900,5.14,323,0.15,125,27.5,0.7,143,0.2,3,127,0.7,5,2
JINGU,9021423,353662000,17.12144,40.50747,01/01/2019 23:42:26 +00:00,SSE,150,15.2,S-AIS,26.3,101430,29900,5.14,321,0.26,25,27,0.8,141,0.2,2,154,0.8,5,2
JINGU,9021423,353662000,17.12076,40.50787,01/01/2019 23:42:38 +00:00,SSE,150,15.2,S-AIS,26.3,101430,29900,5.14,321,0.26,25,27,0.8,141,0.2,2,154,0.8,5,2
JINGU,9021423,353662000,17.114,40.51177,01/01/2019 23:44:26 +00:00,SSE,151,15.2,S-AIS,26.3,101430,29900,5.14,321,0.26,25,27,0.8,141,0.2,2,154,0.8,5,2
JINGU,9021423,353662000,17.09694,40.52155,01/01/2019 23:49:00 +00:00,SSE,151,15.2,S-AIS,26.3,101430,29900,5.14,321,0.26,25,27,0.8,141,0.2,2,154,0.8,5,2
JINGU,9021423,353662000,17.02431,40.56443,02/01/2019 00:08:49 +00:00,SSE,150,14.9,S-AIS,26.3,101430,29900,5.14,321,0.26,25,27,0.8,141,0.2,2,154,0.8,5,2
JINGU,9021423,353662000,16.90043,40.63647,02/01/2019 00:43:06 +00:00,SSE,149,14.7,S-AIS,26.3,101430,29900,5.14,321,0.26,25,27,0.8,141,0.2,2,154,0.8,5,2
JINGU,9021423,353662000,16.23681,41.04932,02/01/2019 03:53:16 +00:00,SSE,153,14.3,S-AIS,26.2,101630,25100,10.29,335,0.21,333,26.4,1.5,155,1.4,5,83,0.4,6,1
JINGU,9021423,353662000,16.21542,41.06046,02/01/2019 03:59:17 +00:00,SSE,153,14.3,S-AIS,26.2,101630,25100,10.29,335,0.21,333,26.4,1.5,155,1.4,5,83,0.4,6,1
JINGU,9021423,353662000,16.09463,41.12158,02/01/2019 04:32:41 +00:00,SSE,155,14.4,S-AIS,26.2,101630,25100,10.29,335,0.21,333,26.4,1.5,155,1.4,5,83,0.4,6,1
JINGU,9021423,353662000,16.06802,41.13424,02/01/2019 04:39:57 +00:00,SSE,155,14.3,S-AIS,26.2,101630,25100,10.29,335,0.21,333,26.4,1.5,155,1.4,5,83,0.4,6,1
JINGU,9021423,353662000,16.06585,41.13527,02/01/2019 04:40:32 +00:00,SSE,154,14.2,S-AIS,26.2,101630,25100,10.29,335,0.21,333,26.4,1.5,155,1.4,5,83,0.4,6,1
JINGU,9021423,353662000,16.06549,41.13546,02/01/2019 04:40:39 +00:00,SSE,154,14.2,S-AIS,26.2,101630,25100,10.29,335,0.21,333,26.4,1.5,155,1.4,5,83,0.4,6,1
JINGU,9021423,353662000,16.06479,41.13583,02/01/2019 04:40:51 +00:00,SSE,153,14.1,S-AIS,26.2,101630,25100,10.29,335,0.21,333,26.4,1.5,155,1.4,5,83,0.4,6,1
JINGU,9021423,353662000,15.98466,41.18185,02/01/2019 05:03:58 +00:00,SSE,151,14.1,S-AIS,26.2,101630,25100,10.29,335,0.21,333,26.4,1.5,155,1.4,5,83,0.4,6,1
JINGU,9021423,353662000,15.98008,41.18442,02/01/2019 05:05:16 +00:00,SSE,151,14.1,S-AIS,26.2,101630,25100,10.29,335,0.21,333,26.4,1.5,155,1.4,5,83,0.4,6,1
JINGU,9021423,353662000,15.87291,41.2494,02/01/2019 05:36:34 +00:00,SE,141,14.2,S-AIS,26.2,101630,25100,10.29,335,0.21,333,26.4,1.5,155,1.4,5,83,0.4,6,1
JINGU,9021423,353662000,15.86254,41.25774,02/01/2019 05:39:53 +00:00,SE,142,14.3,S-AIS,26.2,101630,25100,10.29,335,0.21,333,26.4,1.5,155,1.4,5,83,0.4,6,1
JINGU,9021423,353662000,15.84768,41.26977,02/01/2019 05:44:33 +00:00,SE,141,14.4,S-AIS,26.2,101630,25100,10.29,335,0.21,333,26.4,1.5,155,1.4,5,83,0.4,6,1
JINGU,9021423,353662000,15.84705,41.27028,02/01/2019 05:44:45 +00:00,SE,141,14.4,S-AIS,26.2,101630,25100,10.29,335,0.21,333,26.4,1.5,155,1.4,5,83,0.4,6,1
JINGU,9021423,353662000,15.84573,41.27135,02/01/2019 05:45:09 +00:00,SE,142,14.4,S-AIS,26.2,101630,25100,10.29,335,0.21,333,26.4,1.5,155,1.4,5,83,0.4,6,1
JINGU,9021423,353662000,15.84452,41.27234,02/01/2019 05:45:33 +00:00,SE,141,14.4,S-AIS,26.2,101630,25100,10.29,335,0.21,333,26.4,1.5,155,1.4,5,83,0.4,6,1
JINGU,9021423,353662000,15.61954,41.40209,02/01/2019 06:49:23 +00:00,SSE,152,14.4,S-AIS,26.2,101630,25100,10.29,335,0.21,333,26.4,1.5,155,1.4,5,83,0.4,6,1
JINGU,9021423,353662000,15.05966,41.72432,02/01/2019 09:34:55 +00:00,SSE,151,13.7,S-AIS,26.4,101270,24100,11.32,348,0.31,54,25.7,1.8,168,1.7,6,183,0.5,6,1
JINGU,9021423,353662000,15.04604,41.73192,02/01/2019 09:38:50 +00:00,SSE,151,14.3,S-AIS,26.4,101270,24100,11.32,348,0.31,54,25.7,1.8,168,1.7,6,183,0.5,6,1
JINGU,9021423,353662000,15.04039,41.73508,02/01/2019 09:40:26 +00:00,SSE,151,14.5,S-AIS,26.4,101270,24100,11.32,348,0.31,54,25.7,1.8,168,1.7,6,183,0.5,6,1
JINGU,9021423,353662000,15.03889,41.73592,02/01/2019 09:40:50 +00:00,SSE,151,14.6,S-AIS,26.4,101270,24100,11.32,348,0.31,54,25.7,1.8,168,1.7,6,183,0.5,6,1
JINGU,9021423,353662000,14.98177,41.76859,02/01/2019 09:55:48 +00:00,SSE,152,16.3,S-AIS,26.4,101270,24100,11.32,348,0.31,54,25.7,1.8,168,1.7,6,183,0.5,6,1
JINGU,9021423,353662000,14.849,41.84007,02/01/2019 10:28:43 +00:00,SSE,154,16.1,S-AIS,26.4,101270,24100,11.32,348,0.31,54,25.7,1.8,168,1.7,6,183,0.5,6,1
JINGU,9021423,353662000,14.71221,41.91604,02/01/2019 11:02:43 +00:00,SSE,152,16.4,S-AIS,26.4,101270,24100,11.32,348,0.31,54,25.7,1.8,168,1.7,6,183,0.5,6,1
JINGU,9021423,353662000,14.61598,41.96942,02/01/2019 11:26:24 +00:00,SSE,150,16.8,S-AIS,26.4,101270,24100,11.32,348,0.31,54,25.7,1.8,168,1.7,6,183,0.5,6,1
JINGU,9021423,353662000,14.57617,41.99284,02/01/2019 11:36:12 +00:00,SSE,150,16.6,S-AIS,26.4,101270,24100,11.32,348,0.31,54,25.7,1.8,168,1.7,6,183,0.5,6,1
JINGU,9021423,353662000,14.48703,42.04316,02/01/2019 11:58:00 +00:00,SSE,154,16.7,S-AIS,26.6,101260,24900,11.83,317,0.51,312,25.9,1.5,137,1.5,5,328,0.1,6,1
JINGU,9021423,353662000,13.54618,42.54053,02/01/2019 15:42:19 +00:00,SSE,153,16.9,S-AIS,26.1,101480,18300,11.83,357,0.62,340,25.6,1.3,177,1.3,5,149,0.2,5,1
JINGU,9021423,353662000,13.44595,42.64888,02/01/2019 16:14:07 +00:00,SE,124,16.6,S-AIS,25.5,101600,25200,13.89,316,0.98,317,25.9,1.2,136,1.2,4,333,0,6,2
JINGU,9021423,353662000,13.43285,42.66798,02/01/2019 16:19:00 +00:00,SE,124,16.7,S-AIS,25.5,101600,25200,13.89,316,0.98,317,25.9,1.2,136,1.2,4,333,0,6,2
JINGU,9021423,353662000,13.42404,42.68088,02/01/2019 16:22:17 +00:00,SE,124,16.6,S-AIS,25.5,101600,25200,13.89,316,0.98,317,25.9,1.2,136,1.2,4,333,0,6,2
JINGU,9021423,353662000,13.41742,42.69062,02/01/2019 16:24:46 +00:00,SE,124,16.7,S-AIS,25.5,101600,25200,13.89,316,0.98,317,25.9,1.2,136,1.2,4,333,0,6,2
JINGU,9021423,353662000,13.41553,42.69341,02/01/2019 16:25:31 +00:00,SE,125,16.7,S-AIS,25.5,101600,25200,13.89,316,0.98,317,25.9,1.2,136,1.2,4,333,0,6,2
JINGU,9021423,353662000,13.41476,42.69454,02/01/2019 16:25:46 +00:00,SE,124,16.8,S-AIS,25.5,101600,25200,13.89,316,0.98,317,25.9,1.2,136,1.2,4,333,0,6,2
JINGU,9021423,353662000,13.41476,42.69454,02/01/2019 16:25:47 +00:00,SE,124,16.8,S-AIS,25.5,101600,25200,13.89,316,0.98,317,25.9,1.2,136,1.2,4,333,0,6,2
JINGU,9021423,353662000,13.41395,42.69573,02/01/2019 16:26:05 +00:00,SE,124,16.8,S-AIS,25.5,101600,25200,13.89,316,0.98,317,25.9,1.2,136,1.2,4,333,0,6,2
JINGU,9021423,353662000,13.41395,42.69573,02/01/2019 16:26:06 +00:00,SE,124,16.8,S-AIS,25.5,101600,25200,13.89,316,0.98,317,25.9,1.2,136,1.2,4,333,0,6,2
JINGU,9021423,353662000,13.41209,42.69849,02/01/2019 16:26:47 +00:00,SE,124,16.8,S-AIS,25.5,101600,25200,13.89,316,0.98,317,25.9,1.2,136,1.2,4,333,0,6,2
JINGU,9021423,353662000,13.41182,42.69889,02/01/2019 16:26:53 +00:00,SE,124,16.8,S-AIS,25.5,101600,25200,13.89,316,0.98,317,25.9,1.2,136,1.2,4,333,0,6,2
JINGU,9021423,353662000,13.41041,42.70092,02/01/2019 16:27:23 +00:00,SE,125,16.8,S-AIS,25.5,101600,25200,13.89,316,0.98,317,25.9,1.2,136,1.2,4,333,0,6,2
JINGU,9021423,353662000,13.41041,42.70092,02/01/2019 16:27:24 +00:00,SE,125,16.8,S-AIS,25.5,101600,25200,13.89,316,0.98,317,25.9,1.2,136,1.2,4,333,0,6,2
JINGU,9021423,353662000,13.36006,42.78059,02/01/2019 16:47:05 +00:00,ESE,120,16.8,S-AIS,25.5,101600,25200,13.89,316,0.98,317,25.9,1.2,136,1.2,4,333,0,6,2
JINGU,9021423,353662000,13.35955,42.78148,02/01/2019 16:47:17 +00:00,ESE,120,16.8,S-AIS,25.5,101600,25200,13.89,316,0.98,317,25.9,1.2,136,1.2,4,333,0,6,2
JINGU,9021423,353662000,13.35935,42.78182,02/01/2019 16:47:23 +00:00,ESE,120,16.8,S-AIS,25.5,101600,25200,13.89,316,0.98,317,25.9,1.2,136,1.2,4,333,0,6,2
JINGU,9021423,353662000,13.35888,42.78266,02/01/2019 16:47:35 +00:00,ESE,120,16.9,S-AIS,25.5,101600,25200,13.89,316,0.98,317,25.9,1.2,136,1.2,4,333,0,6,2
JINGU,9021423,353662000,13.35769,42.78473,02/01/2019 16:48:05 +00:00,ESE,120,16.9,S-AIS,25.5,101600,25200,13.89,316,0.98,317,25.9,1.2,136,1.2,4,333,0,6,2
JINGU,9021423,353662000,13.356,42.78774,02/01/2019 16:48:47 +00:00,ESE,120,16.9,S-AIS,25.5,101600,25200,13.89,316,0.98,317,25.9,1.2,136,1.2,4,333,0,6,2
JINGU,9021423,353662000,13.35364,42.79185,02/01/2019 16:49:47 +00:00,ESE,120,16.8,S-AIS,25.5,101600,25200,13.89,316,0.98,317,25.9,1.2,136,1.2,4,333,0,6,2
JINGU,9021423,353662000,13.35227,42.79427,02/01/2019 16:50:23 +00:00,ESE,120,16.7,S-AIS,25.5,101600,25200,13.89,316,0.98,317,25.9,1.2,136,1.2,4,333,0,6,2
JINGU,9021423,353662000,13.35085,42.79676,02/01/2019 16:50:59 +00:00,ESE,120,16.8,S-AIS,25.5,101600,25200,13.89,316,0.98,317,25.9,1.2,136,1.2,4,333,0,6,2
JINGU,9021423,353662000,13.35033,42.79766,02/01/2019 16:51:12 +00:00,ESE,120,16.8,S-AIS,25.5,101600,25200,13.89,316,0.98,317,25.9,1.2,136,1.2,4,333,0,6,2
JINGU,9021423,353662000,13.34886,42.80017,02/01/2019 16:51:47 +00:00,ESE,120,16.9,S-AIS,25.5,101600,25200,13.89,316,0.98,317,25.9,1.2,136,1.2,4,333,0,6,2
JINGU,9021423,353662000,13.34792,42.80181,02/01/2019 16:52:12 +00:00,ESE,120,16.9,S-AIS,25.5,101600,25200,13.89,316,0.98,317,25.9,1.2,136,1.2,4,333,0,6,2
JINGU,9021423,353662000,13.34272,42.81092,02/01/2019 16:54:25 +00:00,ESE,120,16.8,S-AIS,25.5,101600,25200,13.89,316,0.98,317,25.9,1.2,136,1.2,4,333,0,6,2
JINGU,9021423,353662000,13.2712,42.92714,02/01/2019 17:23:37 +00:00,ESE,123,16,S-AIS,25.5,101600,25200,13.89,316,0.98,317,25.9,1.2,136,1.2,4,333,0,6,2
JINGU,9021423,353662000,13.26105,42.9434,02/01/2019 17:27:48 +00:00,ESE,121,16,S-AIS,25.5,101600,25200,13.89,316,0.98,317,25.9,1.2,136,1.2,4,333,0,6,2
JINGU,9021423,353662000,13.24718,42.96577,02/01/2019 17:33:36 +00:00,ESE,122,15.8,S-AIS,25.5,101600,25200,13.89,316,0.98,317,25.9,1.2,136,1.2,4,333,0,6,2
JINGU,9021423,353662000,13.18643,43.04523,02/01/2019 17:56:43 +00:00,SSE,154,15.4,S-AIS,25.5,101600,25200,13.89,316,0.98,317,25.9,1.2,136,1.2,4,333,0,6,2
JINGU,9021423,353662000,13.18376,43.04648,02/01/2019 17:57:19 +00:00,SSE,155,15.3,S-AIS,25.5,101600,25200,13.89,316,0.98,317,25.9,1.2,136,1.2,4,333,0,6,2
JINGU,9021423,353662000,13.17682,43.04997,02/01/2019 17:59:10 +00:00,SSE,152,15.3,S-AIS,25.5,101600,25200,13.89,316,0.98,317,25.9,1.2,136,1.2,4,333,0,6,2
JINGU,9021423,353662000,13.17079,43.05318,02/01/2019 18:00:45 +00:00,SSE,153,15.4,S-AIS,25.5,101600,25200,13.89,316,0.98,317,25.9,1.2,136,1.2,4,333,0,6,2
JINGU,9021423,353662000,13.17079,43.05318,02/01/2019 18:00:46 +00:00,SSE,153,15.4,S-AIS,25.5,101600,25200,13.89,316,0.98,317,25.9,1.2,136,1.2,4,333,0,6,2
JINGU,9021423,353662000,13.16801,43.05458,02/01/2019 18:01:28 +00:00,SSE,153,15.5,S-AIS,25.5,101600,25200,13.89,316,0.98,317,25.9,1.2,136,1.2,4,333,0,6,2
JINGU,9021423,353662000,13.16801,43.05458,02/01/2019 18:01:29 +00:00,SSE,153,15.5,S-AIS,25.5,101600,25200,13.89,316,0.98,317,25.9,1.2,136,1.2,4,333,0,6,2
JINGU,9021423,353662000,13.16527,43.0559,02/01/2019 18:02:10 +00:00,SSE,154,15.4,S-AIS,25.5,101600,25200,13.89,316,0.98,317,25.9,1.2,136,1.2,4,333,0,6,2
JINGU,9021423,353662000,13.15683,43.05988,02/01/2019 18:04:24 +00:00,SSE,155,15.2,S-AIS,25.5,101600,25200,13.89,316,0.98,317,25.9,1.2,136,1.2,4,333,0,6,2
JINGU,9021423,353662000,12.89767,43.18674,02/01/2019 19:10:01 +00:00,SSE,154,16.1,S-AIS,25.5,101600,25200,13.89,316,0.98,317,25.9,1.2,136,1.2,4,333,0,6,2
JINGU,9021423,353662000,12.80686,43.2323,02/01/2019 19:33:08 +00:00,SSE,154,15.1,T-AIS,25.5,101600,25200,13.89,316,0.98,317,25.9,1.2,136,1.2,4,333,0,6,2
JINGU,9021423,353662000,12.66286,43.30014,02/01/2019 20:08:57 +00:00,SSE,152,16.1,T-AIS,25.5,101600,25200,13.89,316,0.98,317,25.9,1.2,136,1.2,4,333,0,6,2
JINGU,9021423,353662000,12.52939,43.46502,02/01/2019 20:57:44 +00:00,ESE,117,16.5,T-AIS,25.5,101600,25200,13.89,316,0.98,317,25.9,1.2,136,1.2,4,333,0,6,2
JINGU,9021423,353662000,12.49869,43.53189,02/01/2019 21:13:15 +00:00,ESE,114,16.9,S-AIS,25.2,101660,32600,9.26,270,0.31,251,26.3,1.5,90,1.4,5,51,0.4,5,2
JINGU,9021423,353662000,12.49793,43.53357,02/01/2019 21:13:38 +00:00,ESE,114,16.9,S-AIS,25.2,101660,32600,9.26,270,0.31,251,26.3,1.5,90,1.4,5,51,0.4,5,2
JINGU,9021423,353662000,12.49615,43.53751,02/01/2019 21:14:32 +00:00,ESE,114,17,S-AIS,25.2,101660,32600,9.26,270,0.31,251,26.3,1.5,90,1.4,5,51,0.4,5,2
JINGU,9021423,353662000,12.49595,43.53795,02/01/2019 21:14:38 +00:00,ESE,114,17,S-AIS,25.2,101660,32600,9.26,270,0.31,251,26.3,1.5,90,1.4,5,51,0.4,5,2
JINGU,9021423,353662000,12.49555,43.53883,02/01/2019 21:14:50 +00:00,ESE,114,17,S-AIS,25.2,101660,32600,9.26,270,0.31,251,26.3,1.5,90,1.4,5,51,0.4,5,2
JINGU,9021423,353662000,12.49495,43.54015,02/01/2019 21:15:08 +00:00,ESE,114,17,S-AIS,25.2,101660,32600,9.26,270,0.31,251,26.3,1.5,90,1.4,5,51,0.4,5,2
JINGU,9021423,353662000,12.49436,43.54148,02/01/2019 21:15:26 +00:00,ESE,114,17,S-AIS,25.2,101660,32600,9.26,270,0.31,251,26.3,1.5,90,1.4,5,51,0.4,5,2
JINGU,9021423,353662000,12.49417,43.54192,02/01/2019 21:15:32 +00:00,ESE,114,17,S-AIS,25.2,101660,32600,9.26,270,0.31,251,26.3,1.5,90,1.4,5,51,0.4,5,2
JINGU,9021423,353662000,12.49359,43.54324,02/01/2019 21:15:50 +00:00,ESE,114,17,S-AIS,25.2,101660,32600,9.26,270,0.31,251,26.3,1.5,90,1.4,5,51,0.4,5,2
JINGU,9021423,353662000,12.49339,43.54369,02/01/2019 21:15:56 +00:00,ESE,114,17,S-AIS,25.2,101660,32600,9.26,270,0.31,251,26.3,1.5,90,1.4,5,51,0.4,5,2
JINGU,9021423,353662000,12.49319,43.54413,02/01/2019 21:16:02 +00:00,ESE,114,17,S-AIS,25.2,101660,32600,9.26,270,0.31,251,26.3,1.5,90,1.4,5,51,0.4,5,2
JINGU,9021423,353662000,12.4928,43.54501,02/01/2019 21:16:14 +00:00,ESE,114,17,S-AIS,25.2,101660,32600,9.26,270,0.31,251,26.3,1.5,90,1.4,5,51,0.4,5,2
JINGU,9021423,353662000,12.49241,43.54589,02/01/2019 21:16:26 +00:00,ESE,114,17,S-AIS,25.2,101660,32600,9.26,270,0.31,251,26.3,1.5,90,1.4,5,51,0.4,5,2
JINGU,9021423,353662000,12.49182,43.54722,02/01/2019 21:16:44 +00:00,ESE,114,17,S-AIS,25.2,101660,32600,9.26,270,0.31,251,26.3,1.5,90,1.4,5,51,0.4,5,2
JINGU,9021423,353662000,12.49143,43.5481,02/01/2019 21:16:56 +00:00,ESE,114,17,S-AIS,25.2,101660,32600,9.26,270,0.31,251,26.3,1.5,90,1.4,5,51,0.4,5,2
JINGU,9021423,353662000,12.49123,43.54855,02/01/2019 21:17:02 +00:00,ESE,114,17,S-AIS,25.2,101660,32600,9.26,270,0.31,251,26.3,1.5,90,1.4,5,51,0.4,5,2
JINGU,9021423,353662000,12.49043,43.55031,02/01/2019 21:17:26 +00:00,ESE,114,17.1,S-AIS,25.2,101660,32600,9.26,270,0.31,251,26.3,1.5,90,1.4,5,51,0.4,5,2
JINGU,9021423,353662000,12.44287,43.65674,02/01/2019 21:41:14 +00:00,ESE,117,17.5,T-AIS,25.2,101660,32600,9.26,270,0.31,251,26.3,1.5,90,1.4,5,51,0.4,5,2
JINGU,9021423,353662000,12.43667,43.66921,02/01/2019 21:44:00 +00:00,ESE,117,17.5,S-AIS,25.2,101660,32600,9.26,270,0.31,251,26.3,1.5,90,1.4,5,51,0.4,5,2
JINGU,9021423,353662000,12.39502,43.75317,02/01/2019 22:02:43 +00:00,ESE,116,17.7,S-AIS,25.2,101660,32600,9.26,270,0.31,251,26.3,1.5,90,1.4,5,51,0.4,5,2
JINGU,9021423,353662000,12.36865,43.81002,02/01/2019 22:15:07 +00:00,ESE,112,17.9,S-AIS,25.2,101660,32600,9.26,270,0.31,251,26.3,1.5,90,1.4,5,51,0.4,5,2
JINGU,9021423,353662000,12.32738,43.91154,02/01/2019 22:36:29 +00:00,ESE,113,18.1,S-AIS,25.2,101660,32600,9.26,270,0.31,251,26.3,1.5,90,1.4,5,51,0.4,5,2
JINGU,9021423,353662000,12.30321,43.96674,02/01/2019 22:48:12 +00:00,ESE,114,18.2,S-AIS,25.2,101660,32600,9.26,270,0.31,251,26.3,1.5,90,1.4,5,51,0.4,5,2
JINGU,9021423,353662000,12.29854,43.9771,02/01/2019 22:50:27 +00:00,ESE,114,18.2,S-AIS,25.2,101660,32600,9.26,270,0.31,251,26.3,1.5,90,1.4,5,51,0.4,5,2
JINGU,9021423,353662000,12.296,43.98262,02/01/2019 22:51:38 +00:00,ESE,115,18.1,S-AIS,25.2,101660,32600,9.26,270,0.31,251,26.3,1.5,90,1.4,5,51,0.4,5,2
JINGU,9021423,353662000,12.29578,43.98308,02/01/2019 22:51:44 +00:00,ESE,115,18.1,S-AIS,25.2,101660,32600,9.26,270,0.31,251,26.3,1.5,90,1.4,5,51,0.4,5,2
JINGU,9021423,353662000,12.29303,43.98919,02/01/2019 22:53:02 +00:00,ESE,114,18.2,S-AIS,25.2,101660,32600,9.26,270,0.31,251,26.3,1.5,90,1.4,5,51,0.4,5,2
JINGU,9021423,353662000,12.2859,44.00465,02/01/2019 22:56:19 +00:00,ESE,115,18.2,S-AIS,25.2,101660,32600,9.26,270,0.31,251,26.3,1.5,90,1.4,5,51,0.4,5,2
JINGU,9021423,353662000,12.24955,44.08273,02/01/2019 23:12:55 +00:00,ESE,115,18.3,S-AIS,25.2,101660,32600,9.26,270,0.31,251,26.3,1.5,90,1.4,5,51,0.4,5,2
JINGU,9021423,353662000,12.24021,44.10227,02/01/2019 23:17:08 +00:00,ESE,115,18.2,T-AIS,25.2,101660,32600,9.26,270,0.31,251,26.3,1.5,90,1.4,5,51,0.4,5,2
JINGU,9021423,353662000,12.2221,44.14066,02/01/2019 23:25:19 +00:00,ESE,115,18.2,S-AIS,25.2,101660,32600,9.26,270,0.31,251,26.3,1.5,90,1.4,5,51,0.4,5,2
JINGU,9021423,353662000,12.20657,44.17234,02/01/2019 23:32:07 +00:00,ESE,116,18.4,S-AIS,25.2,101660,32600,9.26,270,0.31,251,26.3,1.5,90,1.4,5,51,0.4,5,2
JINGU,9021423,353662000,12.17497,44.23806,02/01/2019 23:46:19 +00:00,ESE,115,18,S-AIS,25.2,101660,32600,9.26,270,0.31,251,26.3,1.5,90,1.4,5,51,0.4,5,2
JINGU,9021423,353662000,12.13736,44.31115,03/01/2019 00:02:43 +00:00,ESE,117,17.5,T-AIS,25.2,101660,32600,9.26,270,0.31,251,26.3,1.5,90,1.4,5,51,0.4,5,2
JINGU,9021423,353662000,11.86477,45.08593,03/01/2019 02:53:36 +00:00,ENE,73,17.3,S-AIS,25,101670,32600,9.77,255,0.67,236,26.4,1.5,75,1.4,5,109,0.4,5,2
JINGU,9021423,353662000,11.87704,45.12571,03/01/2019 03:02:06 +00:00,ENE,72,17.2,S-AIS,25.5,102020,32600,9.77,255,0.62,237,26.4,1.4,75,1.3,5,95,0.4,5,2
JINGU,9021423,353662000,11.92884,45.28705,03/01/2019 03:36:19 +00:00,ENE,70,17.5,S-AIS,25.5,102020,32600,9.77,255,0.62,237,26.4,1.4,75,1.3,5,95,0.4,5,2
JINGU,9021423,353662000,11.97787,45.43283,03/01/2019 04:07:01 +00:00,ENE,70,17.8,S-AIS,25.5,102020,32600,9.77,255,0.62,237,26.4,1.4,75,1.3,5,95,0.4,5,2
JINGU,9021423,353662000,11.97985,45.43856,03/01/2019 04:08:13 +00:00,ENE,70,17.8,S-AIS,25.5,102020,32600,9.77,255,0.62,237,26.4,1.4,75,1.3,5,95,0.4,5,2
JINGU,9021423,353662000,12.03048,45.58573,03/01/2019 04:38:35 +00:00,ENE,70,18.2,S-AIS,25.5,102010,32600,8.75,253,0.21,317,26.4,1.3,73,1.2,5,81,0.5,5,2
JINGU,9021423,353662000,12.03456,45.59742,03/01/2019 04:40:57 +00:00,ENE,70,18.2,S-AIS,25.5,102010,32600,8.75,253,0.21,317,26.4,1.3,73,1.2,5,81,0.5,5,2
JINGU,9021423,353662000,12.03456,45.59742,03/01/2019 04:40:59 +00:00,ENE,70,18.2,S-AIS,25.5,102010,32600,8.75,253,0.21,317,26.4,1.3,73,1.2,5,81,0.5,5,2
JINGU,9021423,353662000,12.03793,45.60714,03/01/2019 04:43:00 +00:00,ENE,70,18.1,S-AIS,25.5,102010,32600,8.75,253,0.21,317,26.4,1.3,73,1.2,5,81,0.5,5,2
JINGU,9021423,353662000,12.14956,45.92678,03/01/2019 05:48:25 +00:00,ENE,72,18.3,S-AIS,25.5,102010,32600,8.75,253,0.21,317,26.4,1.3,73,1.2,5,81,0.5,5,2
JINGU,9021423,353662000,12.38639,46.76297,03/01/2019 08:45:26 +00:00,ENE,72,16.9,S-AIS,25.5,102000,32600,8.23,251,0.26,23,25.8,1.3,71,1.2,5,100,0.5,5,2
JINGU,9021423,353662000,12.38667,46.76389,03/01/2019 08:45:38 +00:00,ENE,72,16.9,S-AIS,25.5,102000,32600,8.23,251,0.26,23,25.8,1.3,71,1.2,5,100,0.5,5,2
JINGU,9021423,353662000,12.38694,46.7648,03/01/2019 08:45:50 +00:00,ENE,72,16.9,S-AIS,25.5,102000,32600,8.23,251,0.26,23,25.8,1.3,71,1.2,5,100,0.5,5,2
JINGU,9021423,353662000,12.3892,46.77214,03/01/2019 08:47:26 +00:00,ENE,72,16.9,S-AIS,25.5,102000,32600,8.23,251,0.26,23,25.8,1.3,71,1.2,5,100,0.5,5,2
JINGU,9021423,353662000,12.39047,46.77627,03/01/2019 08:48:20 +00:00,ENE,72,17,S-AIS,25.5,102000,32600,8.23,251,0.26,23,25.8,1.3,71,1.2,5,100,0.5,5,2
JINGU,9021423,353662000,12.43603,46.92594,03/01/2019 09:21:01 +00:00,ENE,71,16.9,S-AIS,25.5,101680,32600,8.23,246,0.21,22,25.8,1.3,66,1.2,5,95,0.4,5,1
JINGU,9021423,353662000,12.49038,47.09808,03/01/2019 09:58:49 +00:00,ENE,72,16.6,S-AIS,25.5,101680,32600,8.23,246,0.21,22,25.8,1.3,66,1.2,5,95,0.4,5,1
JINGU,9021423,353662000,12.50013,47.12973,03/01/2019 10:05:48 +00:00,ENE,72,16.7,S-AIS,25.2,101720,32600,8.23,242,0.77,268,26.1,1.3,62,1.1,5,107,0.6,6,1
JINGU,9021423,353662000,12.53061,47.22694,03/01/2019 10:27:13 +00:00,ENE,70,16.9,S-AIS,25.2,101720,32600,8.23,242,0.77,268,26.1,1.3,62,1.1,5,107,0.6,6,1
JINGU,9021423,353662000,12.55021,47.28663,03/01/2019 10:40:19 +00:00,ENE,73,16.9,S-AIS,25.2,101720,32600,8.23,242,0.77,268,26.1,1.3,62,1.1,5,107,0.6,6,1
JINGU,9021423,353662000,12.58406,47.3962,03/01/2019 11:04:01 +00:00,ENE,73,17.1,S-AIS,25.2,101720,32600,8.23,242,0.77,268,26.1,1.3,62,1.1,5,107,0.6,6,1
JINGU,9021423,353662000,12.59993,47.45034,03/01/2019 11:15:37 +00:00,ENE,73,17.2,S-AIS,25.2,101720,32600,8.23,242,0.77,268,26.1,1.3,62,1.1,5,107,0.6,6,1
JINGU,9021423,353662000,12.88096,48.44768,03/01/2019 14:49:00 +00:00,ENE,72,16.1,S-AIS,25.1,101730,32600,8.23,251,0.62,226,25.7,1.3,71,1.1,5,96,0.6,6,1
JINGU,9021423,353662000,12.92413,48.5812,03/01/2019 15:19:22 +00:00,ENE,72,16.2,S-AIS,25.3,101920,32600,8.23,244,0.31,228,25.9,1.1,64,0.8,4,99,0.7,6,1
JINGU,9021423,353662000,12.92581,48.58648,03/01/2019 15:20:35 +00:00,ENE,72,16.2,S-AIS,25.3,101920,32600,8.23,244,0.31,228,25.9,1.1,64,0.8,4,99,0.7,6,1
JINGU,9021423,353662000,12.9368,48.61836,03/01/2019 15:27:55 +00:00,ENE,70,16.2,S-AIS,25.3,101920,32600,8.23,244,0.31,228,25.9,1.1,64,0.8,4,99,0.7,6,1
JINGU,9021423,353662000,12.98351,48.76598,03/01/2019 16:01:36 +00:00,ENE,72,16.2,S-AIS,25.3,101920,32600,8.23,244,0.31,228,25.9,1.1,64,0.8,4,99,0.7,6,1
JINGU,9021423,353662000,13.01998,48.87853,03/01/2019 16:27:07 +00:00,ENE,70,16.5,S-AIS,25.3,101920,32600,8.23,244,0.31,228,25.9,1.1,64,0.8,4,99,0.7,6,1
JINGU,9021423,353662000,13.03018,48.9072,03/01/2019 16:33:36 +00:00,ENE,69,16.4,S-AIS,25.3,101920,32600,8.23,244,0.31,228,25.9,1.1,64,0.8,4,99,0.7,6,1
JINGU,9021423,353662000,13.06514,49.00473,03/01/2019 16:55:35 +00:00,ENE,70,16.7,S-AIS,25.3,101920,32600,8.23,244,0.31,228,25.9,1.1,64,0.8,4,99,0.7,6,1
JINGU,9021423,353662000,13.06749,49.01148,03/01/2019 16:57:05 +00:00,ENE,70,16.7,S-AIS,25.3,101920,32600,8.23,244,0.31,228,25.9,1.1,64,0.8,4,99,0.7,6,1
JINGU,9021423,353662000,13.06778,49.0123,03/01/2019 16:57:16 +00:00,ENE,70,16.7,S-AIS,25.3,101920,32600,8.23,244,0.31,228,25.9,1.1,64,0.8,4,99,0.7,6,1
JINGU,9021423,353662000,13.06845,49.01417,03/01/2019 16:57:41 +00:00,ENE,70,16.7,S-AIS,25.3,101920,32600,8.23,244,0.31,228,25.9,1.1,64,0.8,4,99,0.7,6,1
JINGU,9021423,353662000,13.06954,49.01731,03/01/2019 16:58:23 +00:00,ENE,70,16.7,S-AIS,25.3,101920,32600,8.23,244,0.31,228,25.9,1.1,64,0.8,4,99,0.7,6,1
JINGU,9021423,353662000,13.06954,49.01731,03/01/2019 16:58:24 +00:00,ENE,70,16.7,S-AIS,25.3,101920,32600,8.23,244,0.31,228,25.9,1.1,64,0.8,4,99,0.7,6,1
JINGU,9021423,353662000,13.07001,49.01867,03/01/2019 16:58:40 +00:00,ENE,70,16.7,S-AIS,25.3,101920,32600,8.23,244,0.31,228,25.9,1.1,64,0.8,4,99,0.7,6,1
JINGU,9021423,353662000,13.07001,49.01867,03/01/2019 16:58:41 +00:00,ENE,70,16.7,S-AIS,25.3,101920,32600,8.23,244,0.31,228,25.9,1.1,64,0.8,4,99,0.7,6,1
JINGU,9021423,353662000,13.07017,49.01912,03/01/2019 16:58:47 +00:00,ENE,70,16.7,S-AIS,25.3,101920,32600,8.23,244,0.31,228,25.9,1.1,64,0.8,4,99,0.7,6,1
JINGU,9021423,353662000,13.07048,49.02002,03/01/2019 16:58:58 +00:00,ENE,70,16.7,S-AIS,25.3,101920,32600,8.23,244,0.31,228,25.9,1.1,64,0.8,4,99,0.7,6,1
JINGU,9021423,353662000,13.07048,49.02002,03/01/2019 16:58:59 +00:00,ENE,70,16.7,S-AIS,25.3,101920,32600,8.23,244,0.31,228,25.9,1.1,64,0.8,4,99,0.7,6,1
JINGU,9021423,353662000,13.07143,49.02272,03/01/2019 16:59:34 +00:00,ENE,70,16.7,S-AIS,25.3,101920,32600,8.23,244,0.31,228,25.9,1.1,64,0.8,4,99,0.7,6,1
JINGU,9021423,353662000,13.07143,49.02272,03/01/2019 16:59:35 +00:00,ENE,70,16.7,S-AIS,25.3,101920,32600,8.23,244,0.31,228,25.9,1.1,64,0.8,4,99,0.7,6,1
JINGU,9021423,353662000,13.07156,49.02309,03/01/2019 16:59:40 +00:00,ENE,70,16.7,S-AIS,25.3,101920,32600,8.23,244,0.31,228,25.9,1.1,64,0.8,4,99,0.7,6,1
JINGU,9021423,353662000,13.07175,49.02362,03/01/2019 16:59:47 +00:00,ENE,70,16.7,S-AIS,25.3,101920,32600,8.23,244,0.31,228,25.9,1.1,64,0.8,4,99,0.7,6,1
JINGU,9021423,353662000,13.07206,49.02452,03/01/2019 16:59:58 +00:00,ENE,70,16.8,S-AIS,25.3,101920,32600,8.23,244,0.31,228,25.9,1.1,64,0.8,4,99,0.7,6,1
JINGU,9021423,353662000,13.07314,49.0276,03/01/2019 17:00:40 +00:00,ENE,70,16.8,S-AIS,25.3,101920,32600,8.23,244,0.31,228,25.9,1.1,64,0.8,4,99,0.7,6,1
JINGU,9021423,353662000,13.07332,49.02813,03/01/2019 17:00:49 +00:00,ENE,70,16.8,S-AIS,25.3,101920,32600,8.23,244,0.31,228,25.9,1.1,64,0.8,4,99,0.7,6,1
JINGU,9021423,353662000,13.08407,49.05921,03/01/2019 17:07:43 +00:00,ENE,70,16.8,S-AIS,25.3,101920,32600,8.23,244,0.31,228,25.9,1.1,64,0.8,4,99,0.7,6,1
JINGU,9021423,353662000,13.39805,49.99203,03/01/2019 20:25:21 +00:00,ENE,71,18.2,S-AIS,25.4,101930,32600,6.69,250,0.36,342,25.6,1.1,70,0.8,4,85,0.8,6,1
JINGU,9021423,353662000,13.39821,49.99253,03/01/2019 20:25:27 +00:00,ENE,71,18.2,S-AIS,25.4,101930,32600,6.69,250,0.36,342,25.6,1.1,70,0.8,4,85,0.8,6,1
JINGU,9021423,353662000,13.39885,49.99449,03/01/2019 20:25:50 +00:00,ENE,71,18.2,S-AIS,25.4,101930,32600,6.69,250,0.36,342,25.6,1.1,70,0.8,4,85,0.8,6,1
JINGU,9021423,353662000,13.39901,49.99499,03/01/2019 20:25:56 +00:00,ENE,71,18.2,S-AIS,25.4,101930,32600,6.69,250,0.36,342,25.6,1.1,70,0.8,4,85,0.8,6,1
JINGU,9021423,353662000,13.39945,49.99638,03/01/2019 20:26:14 +00:00,ENE,72,18.2,S-AIS,25.4,101930,32600,6.69,250,0.36,342,25.6,1.1,70,0.8,4,85,0.8,6,1
JINGU,9021423,353662000,13.39976,49.99737,03/01/2019 20:26:26 +00:00,ENE,72,18.2,S-AIS,25.4,101930,32600,6.69,250,0.36,342,25.6,1.1,70,0.8,4,85,0.8,6,1
JINGU,9021423,353662000,13.41302,50.03858,03/01/2019 20:34:43 +00:00,ENE,71,18.2,S-AIS,25.4,101930,32600,6.69,250,0.36,342,25.6,1.1,70,0.8,4,85,0.8,6,1
JINGU,9021423,353662000,13.43786,50.12624,03/01/2019 20:52:19 +00:00,ENE,75,18.1,S-AIS,25.4,101930,32600,6.69,250,0.36,342,25.6,1.1,70,0.8,4,85,0.8,6,1
JINGU,9021423,353662000,13.50687,50.36599,03/01/2019 21:40:37 +00:00,ENE,69,18.2,S-AIS,24.7,101810,32600,5.66,237,0.21,259,25.6,0.9,57,0.5,3,97,0.8,6,1
JINGU,9021423,353662000,13.53935,50.45702,03/01/2019 21:59:24 +00:00,ENE,70,17.8,S-AIS,24.7,101810,32600,5.66,237,0.21,259,25.6,0.9,57,0.5,3,97,0.8,6,1
JINGU,9021423,353662000,13.53969,50.45797,03/01/2019 21:59:38 +00:00,ENE,70,17.8,S-AIS,24.7,101810,32600,5.66,237,0.21,259,25.6,0.9,57,0.5,3,97,0.8,6,1
JINGU,9021423,353662000,13.56792,50.54351,03/01/2019 22:17:37 +00:00,ENE,72,17.5,S-AIS,24.7,101800,32600,5.66,244,0.51,327,26.1,1,64,0.5,3,100,0.9,6,1
JINGU,9021423,353662000,13.58272,50.59335,03/01/2019 22:28:01 +00:00,ENE,73,17.6,S-AIS,24.7,101800,32600,5.66,244,0.51,327,26.1,1,64,0.5,3,100,0.9,6,1
JINGU,9021423,353662000,13.59071,50.62147,03/01/2019 22:33:49 +00:00,ENE,73,17.6,S-AIS,24.7,101800,32600,5.66,244,0.51,327,26.1,1,64,0.5,3,100,0.9,6,1
JINGU,9021423,353662000,13.61634,50.70354,03/01/2019 22:50:54 +00:00,ENE,72,17.5,S-AIS,24.7,101800,32600,5.66,244,0.51,327,26.1,1,64,0.5,3,100,0.9,6,1
JINGU,9021423,353662000,13.63898,50.7823,03/01/2019 23:07:13 +00:00,ENE,74,17.6,S-AIS,24.7,101800,32600,5.66,244,0.51,327,26.1,1,64,0.5,3,100,0.9,6,1
JINGU,9021423,353662000,13.99128,51.90005,04/01/2019 03:13:30 +00:00,ENE,71,16.4,S-AIS,24.8,102060,32600,5.14,233,0.51,277,25.8,1,53,0.4,3,100,0.9,6,1
JINGU,9021423,353662000,14.02322,51.99789,04/01/2019 03:35:04 +00:00,ENE,71,16.8,S-AIS,24.8,102060,32600,5.14,233,0.51,277,25.8,1,53,0.4,3,100,0.9,6,1
JINGU,9021423,353662000,14.02477,52.00247,04/01/2019 03:36:04 +00:00,ENE,71,16.8,S-AIS,24.8,102060,32600,5.14,233,0.51,277,25.8,1,53,0.4,3,100,0.9,6,1
JINGU,9021423,353662000,14.02477,52.00247,04/01/2019 03:36:05 +00:00,ENE,71,16.8,S-AIS,24.8,102060,32600,5.14,233,0.51,277,25.8,1,53,0.4,3,100,0.9,6,1
JINGU,9021423,353662000,14.02526,52.00392,04/01/2019 03:36:22 +00:00,ENE,71,16.9,S-AIS,24.8,102060,32600,5.14,233,0.51,277,25.8,1,53,0.4,3,100,0.9,6,1
JINGU,9021423,353662000,14.02526,52.00392,04/01/2019 03:36:24 +00:00,ENE,71,16.9,S-AIS,24.8,102060,32600,5.14,233,0.51,277,25.8,1,53,0.4,3,100,0.9,6,1
JINGU,9021423,353662000,14.02626,52.00708,04/01/2019 03:37:05 +00:00,ENE,72,16.9,S-AIS,24.8,102060,32600,5.14,233,0.51,277,25.8,1,53,0.4,3,100,0.9,6,1
JINGU,9021423,353662000,14.02814,52.01318,04/01/2019 03:38:22 +00:00,ENE,72,16.9,S-AIS,24.8,102060,32600,5.14,233,0.51,277,25.8,1,53,0.4,3,100,0.9,6,1
JINGU,9021423,353662000,14.03168,52.02521,04/01/2019 03:40:58 +00:00,ENE,72,16.8,S-AIS,24.8,102060,32600,5.14,233,0.51,277,25.8,1,53,0.4,3,100,0.9,6,1
JINGU,9021423,353662000,14.03234,52.02744,04/01/2019 03:41:28 +00:00,ENE,73,16.8,S-AIS,24.8,102060,32600,5.14,233,0.51,277,25.8,1,53,0.4,3,100,0.9,6,1
JINGU,9021423,353662000,14.0341,52.03345,04/01/2019 03:42:46 +00:00,ENE,73,16.7,S-AIS,24.8,102060,32600,5.14,233,0.51,277,25.8,1,53,0.4,3,100,0.9,6,1
JINGU,9021423,353662000,14.04165,52.05979,04/01/2019 03:48:30 +00:00,ENE,73,16.7,S-AIS,24.8,102060,32600,5.14,233,0.51,277,25.8,1,53,0.4,3,100,0.9,6,1
JINGU,9021423,353662000,14.0889,52.21692,04/01/2019 04:21:55 +00:00,ENE,72,17.4,S-AIS,24.8,102060,32600,5.14,233,0.51,277,25.8,1,53,0.4,3,100,0.9,6,1
JINGU,9021423,353662000,14.16408,52.45988,04/01/2019 05:12:46 +00:00,ENE,72,17.5,S-AIS,24.8,102060,32600,5.14,233,0.51,277,25.8,1,53,0.4,3,100,0.9,6,1
JINGU,9021423,353662000,14.16408,52.45988,04/01/2019 05:12:48 +00:00,ENE,72,17.5,S-AIS,24.8,102060,32600,5.14,233,0.51,277,25.8,1,53,0.4,3,100,0.9,6,1
JINGU,9021423,353662000,14.16436,52.46085,04/01/2019 05:12:58 +00:00,ENE,73,17.5,S-AIS,24.8,102060,32600,5.14,233,0.51,277,25.8,1,53,0.4,3,100,0.9,6,1
JINGU,9021423,353662000,14.16436,52.46085,04/01/2019 05:13:00 +00:00,ENE,73,17.5,S-AIS,24.8,102060,32600,5.14,233,0.51,277,25.8,1,53,0.4,3,100,0.9,6,1
JINGU,9021423,353662000,14.16507,52.46317,04/01/2019 05:13:28 +00:00,ENE,72,17.5,S-AIS,24.8,102060,32600,5.14,233,0.51,277,25.8,1,53,0.4,3,100,0.9,6,1
JINGU,9021423,353662000,14.16507,52.46317,04/01/2019 05:13:29 +00:00,ENE,72,17.5,S-AIS,24.8,102060,32600,5.14,233,0.51,277,25.8,1,53,0.4,3,100,0.9,6,1
JINGU,9021423,353662000,14.16524,52.46373,04/01/2019 05:13:34 +00:00,ENE,72,17.6,S-AIS,24.8,102060,32600,5.14,233,0.51,277,25.8,1,53,0.4,3,100,0.9,6,1
JINGU,9021423,353662000,14.16524,52.46373,04/01/2019 05:13:36 +00:00,ENE,72,17.6,S-AIS,24.8,102060,32600,5.14,233,0.51,277,25.8,1,53,0.4,3,100,0.9,6,1
JINGU,9021423,353662000,14.25986,53.2495,04/01/2019 07:54:15 +00:00,ESE,105,17.8,S-AIS,24.7,102050,32600,5.14,239,0.31,281,25.8,1,59,0.4,3,96,0.9,6,1
JINGU,9021423,353662000,14.25517,53.26707,04/01/2019 07:57:50 +00:00,ESE,105,17.8,S-AIS,24.7,102050,32600,5.14,239,0.31,281,25.8,1,59,0.4,3,96,0.9,6,1
JINGU,9021423,353662000,14.25459,53.2691,04/01/2019 07:58:15 +00:00,ESE,106,17.8,S-AIS,24.7,102050,32600,5.14,239,0.31,281,25.8,1,59,0.4,3,96,0.9,6,1
JINGU,9021423,353662000,14.25375,53.27195,04/01/2019 07:58:50 +00:00,ESE,106,17.8,S-AIS,24.7,102050,32600,5.14,239,0.31,281,25.8,1,59,0.4,3,96,0.9,6,1
JINGU,9021423,353662000,14.20111,53.46728,04/01/2019 08:38:31 +00:00,ESE,105,17.8,S-AIS,24.7,102050,32600,5.14,239,0.31,281,25.8,1,59,0.4,3,96,0.9,6,1
JINGU,9021423,353662000,14.17394,53.54485,04/01/2019 08:54:42 +00:00,ESE,112,17.7,S-AIS,24.5,102050,32600,4.63,243,0.26,303,25.7,1,63,0.4,3,96,0.9,6,1
JINGU,9021423,353662000,14.1412,53.62433,04/01/2019 09:11:48 +00:00,ESE,112,17.6,S-AIS,25.3,101760,32600,5.14,229,0.31,297,25.7,0.9,49,0.3,2,96,0.9,6,1
JINGU,9021423,353662000,14.10095,53.7363,04/01/2019 09:35:25 +00:00,ESE,108,17.8,S-AIS,25.3,101760,32600,5.14,229,0.31,297,25.7,0.9,49,0.3,2,96,0.9,6,1
JINGU,9021423,353662000,14.08352,53.78872,04/01/2019 09:46:18 +00:00,ESE,108,17.8,S-AIS,25.3,101760,32600,5.14,229,0.31,297,25.7,0.9,49,0.3,2,96,0.9,6,1
JINGU,9021423,353662000,13.76635,54.99097,04/01/2019 13:56:13 +00:00,ESE,106,17.4,S-AIS,25.2,101750,32600,5.14,226,0.51,302,26.1,1,46,0.3,3,105,1,7,1
JINGU,9021423,353662000,13.72932,55.12412,04/01/2019 14:23:49 +00:00,ESE,106,17.8,S-AIS,25.2,101750,32600,5.14,226,0.51,302,26.1,1,46,0.3,3,105,1,7,1
JINGU,9021423,353662000,13.66107,55.33887,04/01/2019 15:08:19 +00:00,ESE,111,17.5,S-AIS,25.1,101930,32600,6.17,233,0.46,302,26.1,1.1,53,0.7,4,125,0.8,8,1
JINGU,9021423,353662000,13.62996,55.45268,04/01/2019 15:32:07 +00:00,ESE,104,17.2,S-AIS,25.1,101930,32600,6.17,233,0.46,302,26.1,1.1,53,0.7,4,125,0.8,8,1
JINGU,9021423,353662000,13.61071,55.52699,04/01/2019 15:47:36 +00:00,ESE,105,17.4,S-AIS,24.8,101920,32600,6.69,227,0.67,215,26,1.1,47,0.7,4,132,0.9,9,1
JINGU,9021423,353662000,13.60626,55.54333,04/01/2019 15:50:58 +00:00,ESE,106,17.4,S-AIS,24.8,101920,32600,6.69,227,0.67,215,26,1.1,47,0.7,4,132,0.9,9,1
JINGU,9021423,353662000,13.606,55.5443,04/01/2019 15:51:11 +00:00,ESE,106,17.4,S-AIS,24.8,101920,32600,6.69,227,0.67,215,26,1.1,47,0.7,4,132,0.9,9,1
JINGU,9021423,353662000,13.606,55.5443,04/01/2019 15:51:12 +00:00,ESE,106,17.4,S-AIS,24.8,101920,32600,6.69,227,0.67,215,26,1.1,47,0.7,4,132,0.9,9,1
JINGU,9021423,353662000,13.60588,55.5447,04/01/2019 15:51:16 +00:00,ESE,106,17.4,S-AIS,24.8,101920,32600,6.69,227,0.67,215,26,1.1,47,0.7,4,132,0.9,9,1
JINGU,9021423,353662000,13.60399,55.55142,04/01/2019 15:52:40 +00:00,ESE,107,17.5,S-AIS,24.8,101920,32600,6.69,227,0.67,215,26,1.1,47,0.7,4,132,0.9,9,1
JINGU,9021423,353662000,13.60399,55.55142,04/01/2019 15:52:41 +00:00,ESE,107,17.5,S-AIS,24.8,101920,32600,6.69,227,0.67,215,26,1.1,47,0.7,4,132,0.9,9,1
JINGU,9021423,353662000,13.60355,55.55294,04/01/2019 15:52:58 +00:00,ESE,106,17.4,S-AIS,24.8,101920,32600,6.69,227,0.67,215,26,1.1,47,0.7,4,132,0.9,9,1
JINGU,9021423,353662000,13.60328,55.55389,04/01/2019 15:53:10 +00:00,ESE,106,17.4,S-AIS,24.8,101920,32600,6.69,227,0.67,215,26,1.1,47,0.7,4,132,0.9,9,1
JINGU,9021423,353662000,13.60328,55.55389,04/01/2019 15:53:11 +00:00,ESE,106,17.4,S-AIS,24.8,101920,32600,6.69,227,0.67,215,26,1.1,47,0.7,4,132,0.9,9,1
JINGU,9021423,353662000,13.6026,55.55621,04/01/2019 15:53:40 +00:00,ESE,106,17.5,S-AIS,24.8,101920,32600,6.69,227,0.67,215,26,1.1,47,0.7,4,132,0.9,9,1
JINGU,9021423,353662000,13.60231,55.55716,04/01/2019 15:53:52 +00:00,ESE,106,17.5,S-AIS,24.8,101920,32600,6.69,227,0.67,215,26,1.1,47,0.7,4,132,0.9,9,1
JINGU,9021423,353662000,13.60231,55.55716,04/01/2019 15:53:53 +00:00,ESE,106,17.5,S-AIS,24.8,101920,32600,6.69,227,0.67,215,26,1.1,47,0.7,4,132,0.9,9,1
JINGU,9021423,353662000,13.60089,55.56194,04/01/2019 15:54:53 +00:00,ESE,107,17.5,S-AIS,24.8,101920,32600,6.69,227,0.67,215,26,1.1,47,0.7,4,132,0.9,9,1
JINGU,9021423,353662000,13.5996,55.56625,04/01/2019 15:55:46 +00:00,ESE,107,17.5,S-AIS,24.8,101920,32600,6.69,227,0.67,215,26,1.1,47,0.7,4,132,0.9,9,1
JINGU,9021423,353662000,13.59859,55.56968,04/01/2019 15:56:28 +00:00,ESE,106,17.5,S-AIS,24.8,101920,32600,6.69,227,0.67,215,26,1.1,47,0.7,4,132,0.9,9,1
JINGU,9021423,353662000,13.59859,55.56968,04/01/2019 15:56:29 +00:00,ESE,106,17.5,S-AIS,24.8,101920,32600,6.69,227,0.67,215,26,1.1,47,0.7,4,132,0.9,9,1
JINGU,9021423,353662000,13.58541,55.61381,04/01/2019 16:05:43 +00:00,ESE,105,17.5,S-AIS,24.8,101920,32600,6.69,227,0.67,215,26,1.1,47,0.7,4,132,0.9,9,1
JINGU,9021423,353662000,13.58424,55.61817,04/01/2019 16:06:37 +00:00,ESE,105,17.6,S-AIS,24.8,101920,32600,6.69,227,0.67,215,26,1.1,47,0.7,4,132,0.9,9,1
JINGU,9021423,353662000,13.57095,55.66522,04/01/2019 16:16:19 +00:00,ESE,106,17.5,S-AIS,24.8,101920,32600,6.69,227,0.67,215,26,1.1,47,0.7,4,132,0.9,9,1
JINGU,9021423,353662000,13.47509,56.0092,04/01/2019 17:27:23 +00:00,ESE,105,17.7,S-AIS,25,101890,32600,7.2,223,0.26,264,26.1,1.2,43,0.8,4,130,0.9,9,1
JINGU,9021423,353662000,13.30456,56.54321,04/01/2019 19:17:48 +00:00,ESE,105,17.7,S-AIS,24.9,101880,32600,7.2,221,0.15,189,26.1,1.2,41,0.8,4,124,0.9,8,1
JINGU,9021423,353662000,13.28498,56.61846,04/01/2019 19:33:14 +00:00,ESE,104,17.7,S-AIS,24.9,101880,32600,7.2,221,0.15,189,26.1,1.2,41,0.8,4,124,0.9,8,1
JINGU,9021423,353662000,13.28446,56.62051,04/01/2019 19:33:38 +00:00,ESE,104,17.8,S-AIS,24.9,101880,32600,7.2,221,0.15,189,26.1,1.2,41,0.8,4,124,0.9,8,1
JINGU,9021423,353662000,13.2837,56.62338,04/01/2019 19:34:14 +00:00,ESE,105,17.8,S-AIS,24.9,101880,32600,7.2,221,0.15,189,26.1,1.2,41,0.8,4,124,0.9,8,1
JINGU,9021423,353662000,13.28344,56.62437,04/01/2019 19:34:26 +00:00,ESE,104,17.8,S-AIS,24.9,101880,32600,7.2,221,0.15,189,26.1,1.2,41,0.8,4,124,0.9,8,1
JINGU,9021423,353662000,13.28332,56.62486,04/01/2019 19:34:32 +00:00,ESE,104,17.8,S-AIS,24.9,101880,32600,7.2,221,0.15,189,26.1,1.2,41,0.8,4,124,0.9,8,1
JINGU,9021423,353662000,13.28294,56.62633,04/01/2019 19:34:50 +00:00,ESE,104,17.7,S-AIS,24.9,101880,32600,7.2,221,0.15,189,26.1,1.2,41,0.8,4,124,0.9,8,1
JINGU,9021423,353662000,13.28279,56.62688,04/01/2019 19:34:57 +00:00,ESE,104,17.7,S-AIS,24.9,101880,32600,7.2,221,0.15,189,26.1,1.2,41,0.8,4,124,0.9,8,1
JINGU,9021423,353662000,13.25706,56.72739,04/01/2019 19:55:19 +00:00,ESE,104,17.9,S-AIS,24.9,101880,32600,7.2,221,0.15,189,26.1,1.2,41,0.8,4,124,0.9,8,1
JINGU,9021423,353662000,13.23074,56.81082,04/01/2019 20:12:19 +00:00,ESE,109,18.1,S-AIS,24.9,101880,32600,7.2,221,0.15,189,26.1,1.2,41,0.8,4,124,0.9,8,1
JINGU,9021423,353662000,13.18761,56.97955,04/01/2019 20:46:01 +00:00,ESE,103,18.2,S-AIS,24.9,101880,32600,7.2,221,0.15,189,26.1,1.2,41,0.8,4,124,0.9,8,1
JINGU,9021423,353662000,13.16269,57.08962,04/01/2019 21:07:37 +00:00,ESE,104,18.4,S-AIS,24.3,101650,32600,7.72,223,0.15,185,26.1,1.3,43,1,4,128,0.9,8,1
JINGU,9021423,353662000,13.16113,57.09564,04/01/2019 21:08:50 +00:00,ESE,104,18.4,S-AIS,24.3,101650,32600,7.72,223,0.15,185,26.1,1.3,43,1,4,128,0.9,8,1
JINGU,9021423,353662000,13.14625,57.15419,04/01/2019 21:20:18 +00:00,ESE,104,18.4,S-AIS,24.3,101650,32600,7.72,223,0.15,185,26.1,1.3,43,1,4,128,0.9,8,1
JINGU,9021423,353662000,13.13139,57.21383,04/01/2019 21:32:06 +00:00,ESE,104,18.3,S-AIS,24.3,101650,32600,7.72,223,0.15,185,26.1,1.3,43,1,4,128,0.9,8,1
JINGU,9021423,353662000,13.10006,57.32666,04/01/2019 21:54:31 +00:00,ESE,105,18.3,S-AIS,24.3,101650,32600,7.72,223,0.15,185,26.1,1.3,43,1,4,128,0.9,8,1
JINGU,9021423,353662000,13.0496,57.50501,04/01/2019 22:30:01 +00:00,ESE,105,18.3,S-AIS,24.3,101640,32600,7.72,220,0.15,63,26.3,1.3,40,1,4,126,0.9,8,1
JINGU,9021423,353662000,12.84525,58.22918,05/01/2019 01:13:07 +00:00,ESE,106,15.5,S-AIS,24.3,101640,32600,7.72,220,0.15,63,26.3,1.3,40,1,4,126,0.9,8,1
JINGU,9021423,353662000,12.80784,58.36132,05/01/2019 01:44:24 +00:00,ESE,106,15.3,S-AIS,24.3,101640,32600,7.72,220,0.15,63,26.3,1.3,40,1,4,126,0.9,8,1
JINGU,9021423,353662000,12.76951,58.4899,05/01/2019 02:15:07 +00:00,ESE,107,15.3,S-AIS,24.3,101640,32600,7.72,220,0.15,63,26.3,1.3,40,1,4,126,0.9,8,1
JINGU,9021423,353662000,12.76452,58.50749,05/01/2019 02:19:19 +00:00,ESE,107,15.4,S-AIS,24.4,101630,32600,7.72,220,0.15,50,26.5,1.3,40,1,4,134,0.9,9,1
JINGU,9021423,353662000,12.73514,58.61215,05/01/2019 02:44:11 +00:00,ESE,105,15.4,S-AIS,24.4,101630,32600,7.72,220,0.15,50,26.5,1.3,40,1,4,134,0.9,9,1
JINGU,9021423,353662000,12.71966,58.66642,05/01/2019 02:57:07 +00:00,ESE,105,15.4,S-AIS,24.4,101630,32600,7.72,220,0.15,50,26.5,1.3,40,1,4,134,0.9,9,1
JINGU,9021423,353662000,12.68438,58.79099,05/01/2019 03:26:55 +00:00,ESE,106,15.2,S-AIS,24.7,101810,32600,6.69,228,0.1,34,26.4,1.3,48,1,5,127,0.9,8,1
JINGU,9021423,353662000,12.64903,58.91744,05/01/2019 03:57:00 +00:00,ESE,106,15.3,S-AIS,24.7,101810,32600,6.69,228,0.1,34,26.4,1.3,48,1,5,127,0.9,8,1
"Date printed:Tue Jul 30 2019 07:04:27 GMT+0100 (British Summer Time), Number of records:347",,,,,,,,,,,,,,,,,,,,,,,,,