Vessel Name,IMO,MMSI,Latitude,Longitude,Date,Direction,Degrees,Speed,Position Source,Temperature,Pressure reduced to MSL (hPa),Visibility (m),Wind_Speed,Wind Direction (°),Current Speed (m/s),Current Direction (°),Water Temperature (°C),Significant height of combined wind (m),Direction of wind waves (°),Significant height of wind waves (m),Mean period of wind waves (s),Direction of swell waves (°),Significant height of swell waves (m),Mean period of swell waves (s),Total Precipitation Probability (%)
MAERSK KIMI,9162227,244132000,36.59544,36.18998,19/12/2018 06:00:02 +00:00,ENE,74,0,T-AIS,11.9,101620,7400,2.57,274,0,0,20.3,1,94,0.5,5,146,0.9,6,99
MAERSK KIMI,9162227,244132000,36.59542,36.19003,19/12/2018 06:15:17 +00:00,ENE,74,0,T-AIS,11.9,101620,7400,2.57,274,0,0,20.3,1,94,0.5,5,146,0.9,6,99
MAERSK KIMI,9162227,244132000,36.59536,36.18999,19/12/2018 06:30:33 +00:00,ENE,74,0,T-AIS,11.9,101620,7400,2.57,274,0,0,20.3,1,94,0.5,5,146,0.9,6,99
MAERSK KIMI,9162227,244132000,36.59542,36.19001,19/12/2018 06:45:38 +00:00,ENE,74,0.1,T-AIS,11.9,101620,7400,2.57,274,0,0,20.3,1,94,0.5,5,146,0.9,6,99
MAERSK KIMI,9162227,244132000,36.5954,36.19,19/12/2018 07:01:15 +00:00,ENE,74,0,T-AIS,11.9,101620,7400,2.57,274,0,0,20.3,1,94,0.5,5,146,0.9,6,99
MAERSK KIMI,9162227,244132000,36.59543,36.18997,19/12/2018 07:16:45 +00:00,ENE,74,0,T-AIS,11.9,101620,7400,2.57,274,0,0,20.3,1,94,0.5,5,146,0.9,6,99
MAERSK KIMI,9162227,244132000,36.59542,36.19001,19/12/2018 07:35:10 +00:00,ENE,74,0,T-AIS,11.9,101620,7400,2.57,274,0,0,20.3,1,94,0.5,5,146,0.9,6,99
MAERSK KIMI,9162227,244132000,36.59538,36.19001,19/12/2018 07:52:33 +00:00,ENE,74,0,T-AIS,11.9,101620,7400,2.57,274,0,0,20.3,1,94,0.5,5,146,0.9,6,99
MAERSK KIMI,9162227,244132000,36.59544,36.19002,19/12/2018 08:10:35 +00:00,ENE,74,0,T-AIS,11.9,101620,7400,2.57,274,0,0,20.3,1,94,0.5,5,146,0.9,6,99
MAERSK KIMI,9162227,244132000,36.5954,36.18999,19/12/2018 08:25:56 +00:00,ENE,74,0.1,T-AIS,11.9,101620,7400,2.57,274,0,0,20.3,1,94,0.5,5,146,0.9,6,99
MAERSK KIMI,9162227,244132000,36.59544,36.18999,19/12/2018 08:41:08 +00:00,ENE,74,0.1,T-AIS,11.9,101620,7400,2.57,274,0,0,20.3,1,94,0.5,5,146,0.9,6,99
MAERSK KIMI,9162227,244132000,36.59542,36.18999,19/12/2018 08:56:26 +00:00,ENE,74,0.1,T-AIS,11.9,101620,7400,2.57,274,0,0,20.3,1,94,0.5,5,146,0.9,6,99
MAERSK KIMI,9162227,244132000,36.59541,36.18997,19/12/2018 09:11:44 +00:00,ENE,74,0.1,T-AIS,12,101480,7400,3.09,250,0,0,20.3,1.5,70,0.7,4,226,1.3,7,94
MAERSK KIMI,9162227,244132000,36.59543,36.19,19/12/2018 09:27:12 +00:00,ENE,74,0.1,T-AIS,12,101480,7400,3.09,250,0,0,20.3,1.5,70,0.7,4,226,1.3,7,94
MAERSK KIMI,9162227,244132000,36.59541,36.19003,19/12/2018 09:42:32 +00:00,ENE,74,0,T-AIS,12,101480,7400,3.09,250,0,0,20.3,1.5,70,0.7,4,226,1.3,7,94
MAERSK KIMI,9162227,244132000,36.59546,36.19,19/12/2018 09:59:16 +00:00,ENE,74,0.1,T-AIS,12,101480,7400,3.09,250,0,0,20.3,1.5,70,0.7,4,226,1.3,7,94
MAERSK KIMI,9162227,244132000,36.59538,36.18998,19/12/2018 10:18:20 +00:00,ENE,74,0,T-AIS,12,101480,7400,3.09,250,0,0,20.3,1.5,70,0.7,4,226,1.3,7,94
MAERSK KIMI,9162227,244132000,36.59541,36.18999,19/12/2018 10:33:43 +00:00,ENE,74,0.1,T-AIS,12,101480,7400,3.09,250,0,0,20.3,1.5,70,0.7,4,226,1.3,7,94
MAERSK KIMI,9162227,244132000,36.59544,36.19002,19/12/2018 10:48:59 +00:00,ENE,74,0.1,T-AIS,12,101480,7400,3.09,250,0,0,20.3,1.5,70,0.7,4,226,1.3,7,94
MAERSK KIMI,9162227,244132000,36.59548,36.18992,19/12/2018 11:04:28 +00:00,ENE,74,0.1,T-AIS,12,101480,7400,3.09,250,0,0,20.3,1.5,70,0.7,4,226,1.3,7,94
MAERSK KIMI,9162227,244132000,36.59538,36.18999,19/12/2018 11:19:56 +00:00,ENE,74,0.1,T-AIS,12,101480,7400,3.09,250,0,0,20.3,1.5,70,0.7,4,226,1.3,7,94
MAERSK KIMI,9162227,244132000,36.59535,36.19009,19/12/2018 11:35:24 +00:00,ENE,74,0.1,T-AIS,12,101480,7400,3.09,250,0,0,20.3,1.5,70,0.7,4,226,1.3,7,94
MAERSK KIMI,9162227,244132000,36.59544,36.18996,19/12/2018 11:50:42 +00:00,ENE,74,0,T-AIS,12,101480,7400,3.09,250,0,0,20.3,1.5,70,0.7,4,226,1.3,7,94
MAERSK KIMI,9162227,244132000,36.59541,36.19001,19/12/2018 12:06:12 +00:00,ENE,65,0,T-AIS,12,101480,7400,3.09,250,0,0,20.3,1.5,70,0.7,4,226,1.3,7,94
MAERSK KIMI,9162227,244132000,36.59544,36.18998,19/12/2018 12:21:39 +00:00,ENE,65,0,T-AIS,12,101480,7400,3.09,250,0,0,20.3,1.5,70,0.7,4,226,1.3,7,94
MAERSK KIMI,9162227,244132000,36.59542,36.18997,19/12/2018 12:37:09 +00:00,ENE,65,0,T-AIS,12,101480,7400,3.09,250,0,0,20.3,1.5,70,0.7,4,226,1.3,7,94
MAERSK KIMI,9162227,244132000,36.5954,36.18998,19/12/2018 12:52:26 +00:00,W,273,0.1,T-AIS,12,101480,7400,3.09,250,0,0,20.3,1.5,70,0.7,4,226,1.3,7,94
MAERSK KIMI,9162227,244132000,36.59543,36.19005,19/12/2018 13:07:51 +00:00,W,271,0,T-AIS,12,101480,7400,3.09,250,0,0,20.3,1.5,70,0.7,4,226,1.3,7,94
MAERSK KIMI,9162227,244132000,36.59547,36.19002,19/12/2018 13:23:10 +00:00,W,271,0.1,T-AIS,12,101480,7400,3.09,250,0,0,20.3,1.5,70,0.7,4,226,1.3,7,94
MAERSK KIMI,9162227,244132000,36.59539,36.18996,19/12/2018 13:38:35 +00:00,W,271,0.1,T-AIS,12,101480,7400,3.09,250,0,0,20.3,1.5,70,0.7,4,226,1.3,7,94
MAERSK KIMI,9162227,244132000,36.59543,36.19001,19/12/2018 13:53:52 +00:00,W,271,0.1,T-AIS,12,101480,7400,3.09,250,0,0,20.3,1.5,70,0.7,4,226,1.3,7,94
MAERSK KIMI,9162227,244132000,36.59543,36.19002,19/12/2018 14:09:32 +00:00,W,271,0.1,T-AIS,12,101480,7400,3.09,250,0,0,20.3,1.5,70,0.7,4,226,1.3,7,94
MAERSK KIMI,9162227,244132000,36.59544,36.18999,19/12/2018 14:25:27 +00:00,W,271,0.1,T-AIS,12,101480,7400,3.09,250,0,0,20.3,1.5,70,0.7,4,226,1.3,7,94
MAERSK KIMI,9162227,244132000,36.59541,36.18999,19/12/2018 14:45:22 +00:00,SW,221,0.1,T-AIS,12,101480,7400,3.09,250,0,0,20.3,1.5,70,0.7,4,226,1.3,7,94
MAERSK KIMI,9162227,244132000,36.59544,36.18999,19/12/2018 15:00:43 +00:00,SW,221,0.1,T-AIS,11.3,101450,9300,2.06,200,0,0,20.3,1.4,20,0.6,3,230,1.3,7,47
MAERSK KIMI,9162227,244132000,36.59543,36.18994,19/12/2018 15:15:58 +00:00,SW,221,0.1,T-AIS,11.3,101450,9300,2.06,200,0,0,20.3,1.4,20,0.6,3,230,1.3,7,47
MAERSK KIMI,9162227,244132000,36.5954,36.19001,19/12/2018 15:31:19 +00:00,SW,221,0.1,T-AIS,11.3,101450,9300,2.06,200,0,0,20.3,1.4,20,0.6,3,230,1.3,7,47
MAERSK KIMI,9162227,244132000,36.59539,36.19001,19/12/2018 15:46:49 +00:00,SW,221,0.1,T-AIS,11.3,101450,9300,2.06,200,0,0,20.3,1.4,20,0.6,3,230,1.3,7,47
MAERSK KIMI,9162227,244132000,36.59542,36.19007,19/12/2018 16:02:32 +00:00,SW,221,0,T-AIS,11.3,101450,9300,2.06,200,0,0,20.3,1.4,20,0.6,3,230,1.3,7,47
MAERSK KIMI,9162227,244132000,36.59543,36.18998,19/12/2018 16:18:11 +00:00,SW,221,0,T-AIS,11.3,101450,9300,2.06,200,0,0,20.3,1.4,20,0.6,3,230,1.3,7,47
MAERSK KIMI,9162227,244132000,36.59542,36.18999,19/12/2018 16:33:42 +00:00,SW,221,0.1,T-AIS,11.3,101450,9300,2.06,200,0,0,20.3,1.4,20,0.6,3,230,1.3,7,47
MAERSK KIMI,9162227,244132000,36.59542,36.18999,19/12/2018 16:49:22 +00:00,SW,221,0.1,T-AIS,11.3,101450,9300,2.06,200,0,0,20.3,1.4,20,0.6,3,230,1.3,7,47
MAERSK KIMI,9162227,244132000,36.59542,36.19,19/12/2018 17:04:33 +00:00,SW,221,0.1,T-AIS,11.3,101450,9300,2.06,200,0,0,20.3,1.4,20,0.6,3,230,1.3,7,47
MAERSK KIMI,9162227,244132000,36.595,36.19,19/12/2018 17:17:20 +00:00,SW,221,0,S-AIS,11.3,101450,9300,2.06,200,0,0,20.3,1.4,20,0.6,3,230,1.3,7,47
MAERSK KIMI,9162227,244132000,36.59541,36.18997,19/12/2018 17:35:21 +00:00,SW,221,0,T-AIS,11.3,101450,9300,2.06,200,0,0,20.3,1.4,20,0.6,3,230,1.3,7,47
MAERSK KIMI,9162227,244132000,36.59539,36.18999,19/12/2018 17:50:31 +00:00,SW,221,0,T-AIS,11.3,101450,9300,2.06,200,0,0,20.3,1.4,20,0.6,3,230,1.3,7,47
MAERSK KIMI,9162227,244132000,36.59541,36.19002,19/12/2018 18:06:10 +00:00,SW,221,0,T-AIS,11.3,101450,9300,2.06,200,0,0,20.3,1.4,20,0.6,3,230,1.3,7,47
MAERSK KIMI,9162227,244132000,36.59543,36.19001,19/12/2018 18:21:32 +00:00,SW,221,0,T-AIS,11.3,101450,9300,2.06,200,0,0,20.3,1.4,20,0.6,3,230,1.3,7,47
MAERSK KIMI,9162227,244132000,36.5954,36.19007,19/12/2018 18:36:52 +00:00,SW,221,0.1,T-AIS,11.3,101450,9300,2.06,200,0,0,20.3,1.4,20,0.6,3,230,1.3,7,47
MAERSK KIMI,9162227,244132000,36.59587,36.18935,19/12/2018 18:52:22 +00:00,W,280,0.3,T-AIS,11.3,101450,9300,2.06,200,0,0,20.3,1.4,20,0.6,3,230,1.3,7,47
MAERSK KIMI,9162227,244132000,36.59693,36.18872,19/12/2018 19:07:43 +00:00,WSW,240,0.5,T-AIS,11.3,101450,9300,2.06,200,0,0,20.3,1.4,20,0.6,3,230,1.3,7,47
MAERSK KIMI,9162227,244132000,36.60075,36.18682,19/12/2018 19:23:02 +00:00,NNE,20,3.3,T-AIS,11.3,101450,9300,2.06,200,0,0,20.3,1.4,20,0.6,3,230,1.3,7,47
MAERSK KIMI,9162227,244132000,36.61755,36.17575,19/12/2018 19:38:24 +00:00,WNW,297,8.7,T-AIS,11.3,101450,9300,2.06,200,0,0,20.3,1.4,20,0.6,3,230,1.3,7,47
MAERSK KIMI,9162227,244132000,36.53304,35.82505,19/12/2018 20:50:46 +00:00,SW,231,17.2,T-AIS,11.3,101450,9300,2.06,200,0,0,20.3,1.4,20,0.6,3,230,1.3,7,47
MAERSK KIMI,9162227,244132000,36.46535,35.72401,19/12/2018 21:12:57 +00:00,SW,229,17.2,T-AIS,9.8,101400,4500,2.57,318,0,0,20.3,1.5,138,0.5,4,216,1.4,7,78
MAERSK KIMI,9162227,244132000,34.15333,33.89833,20/12/2018 06:53:19 +00:00,SSW,204,17,S-AIS,17,101610,32600,7.2,95,0.1,217,20.4,2.1,275,0.7,3,260,2,8,10
MAERSK KIMI,9162227,244132000,31.58995,32.36296,20/12/2018 17:05:02 +00:00,SSW,209,15.2,S-AIS,17.4,102290,32600,10.29,120,0.26,103,20.9,2.6,300,2.2,7,284,1.4,9,2
MAERSK KIMI,9162227,244132000,31.57616,32.36338,20/12/2018 17:08:31 +00:00,SSE,160,14.8,T-AIS,17.4,102290,32600,10.29,120,0.26,103,20.9,2.6,300,2.2,7,284,1.4,9,2
MAERSK KIMI,9162227,244132000,31.48194,32.41647,20/12/2018 17:42:55 +00:00,SSE,162,8.9,T-AIS,14.8,102390,32600,4.63,123,0,0,20.8,2.4,303,1.3,6,294,2,9,3
MAERSK KIMI,9162227,244132000,31.43303,32.42228,20/12/2018 18:09:02 +00:00,SSE,165,4.4,T-AIS,14.8,102390,32600,4.63,123,0,0,20.8,2.4,303,1.3,6,294,2,9,3
MAERSK KIMI,9162227,244132000,31.39999,32.41739,20/12/2018 18:59:54 +00:00,SSW,206,8.6,T-AIS,14.8,102390,32600,4.63,123,0,0,20.8,2.4,303,1.3,6,294,2,9,3
MAERSK KIMI,9162227,244132000,31.33914,32.38745,20/12/2018 19:25:14 +00:00,SSW,202,9,T-AIS,14.8,102390,32600,4.63,123,0,0,20.8,2.4,303,1.3,6,294,2,9,3
MAERSK KIMI,9162227,244132000,31.26701,32.36664,20/12/2018 19:50:44 +00:00,S,189,12.2,T-AIS,14.8,102390,32600,4.63,123,0,0,20.8,2.4,303,1.3,6,294,2,9,3
MAERSK KIMI,9162227,244132000,31.21502,32.3541,20/12/2018 20:16:42 +00:00,SSW,194,4.9,T-AIS,14.8,102390,32600,4.63,123,0,0,20.8,2.4,303,1.3,6,294,2,9,3
MAERSK KIMI,9162227,244132000,31.20542,32.35388,20/12/2018 20:41:54 +00:00,ESE,105,0.1,T-AIS,14.8,102390,32600,4.63,123,0,0,20.8,2.4,303,1.3,6,294,2,9,3
MAERSK KIMI,9162227,244132000,31.20544,32.35387,20/12/2018 21:07:02 +00:00,ESE,105,0,T-AIS,13.7,102480,28800,3.6,91,0,0,20.8,2.2,271,0.8,5,298,2,8,5
MAERSK KIMI,9162227,244132000,31.2054,32.35392,20/12/2018 21:34:01 +00:00,SSW,206,0,T-AIS,13.7,102480,28800,3.6,91,0,0,20.8,2.2,271,0.8,5,298,2,8,5
MAERSK KIMI,9162227,244132000,31.20542,32.35394,20/12/2018 22:04:03 +00:00,SSW,206,0.1,T-AIS,13.7,102480,28800,3.6,91,0,0,20.8,2.2,271,0.8,5,298,2,8,5
MAERSK KIMI,9162227,244132000,31.20528,32.35387,20/12/2018 22:31:06 +00:00,SSW,206,0,T-AIS,13.7,102480,28800,3.6,91,0,0,20.8,2.2,271,0.8,5,298,2,8,5
MAERSK KIMI,9162227,244132000,31.20572,32.35416,20/12/2018 22:58:01 +00:00,SSW,206,0,T-AIS,13.7,102480,28800,3.6,91,0,0,20.8,2.2,271,0.8,5,298,2,8,5
MAERSK KIMI,9162227,244132000,31.20555,32.35387,20/12/2018 23:28:06 +00:00,SSW,206,0,T-AIS,13.7,102480,28800,3.6,91,0,0,20.8,2.2,271,0.8,5,298,2,8,5
MAERSK KIMI,9162227,244132000,31.20557,32.35373,20/12/2018 23:55:03 +00:00,SSW,206,0,T-AIS,13.7,102480,28800,3.6,91,0,0,20.8,2.2,271,0.8,5,298,2,8,5
MAERSK KIMI,9162227,244132000,31.20547,32.35392,21/12/2018 00:22:06 +00:00,SSW,206,0,T-AIS,13.7,102480,28800,3.6,91,0,0,20.8,2.2,271,0.8,5,298,2,8,5
MAERSK KIMI,9162227,244132000,31.20551,32.35395,21/12/2018 00:49:01 +00:00,SSW,206,0,T-AIS,13.7,102480,28800,3.6,91,0,0,20.8,2.2,271,0.8,5,298,2,8,5
MAERSK KIMI,9162227,244132000,31.20541,32.35389,21/12/2018 01:16:04 +00:00,SSW,206,0,T-AIS,13.7,102480,28800,3.6,91,0,0,20.8,2.2,271,0.8,5,298,2,8,5
MAERSK KIMI,9162227,244132000,31.20543,32.35386,21/12/2018 01:43:00 +00:00,W,266,0,T-AIS,13.7,102480,28800,3.6,91,0,0,20.8,2.2,271,0.8,5,298,2,8,5
MAERSK KIMI,9162227,244132000,31.20554,32.35376,21/12/2018 02:10:07 +00:00,W,266,0,T-AIS,13.7,102480,28800,3.6,91,0,0,20.8,2.2,271,0.8,5,298,2,8,5
MAERSK KIMI,9162227,244132000,31.20561,32.35392,21/12/2018 02:37:01 +00:00,W,266,0,T-AIS,13.7,102480,28800,3.6,91,0,0,20.8,2.2,271,0.8,5,298,2,8,5
MAERSK KIMI,9162227,244132000,31.20542,32.35384,21/12/2018 03:04:04 +00:00,W,266,0,T-AIS,13.5,102560,27400,4.12,130,0,0,20.6,1.7,310,0.6,5,297,1.6,8,3
MAERSK KIMI,9162227,244132000,31.20543,32.35383,21/12/2018 03:31:04 +00:00,W,266,0,T-AIS,13.5,102560,27400,4.12,130,0,0,20.6,1.7,310,0.6,5,297,1.6,8,3
MAERSK KIMI,9162227,244132000,31.20542,32.35386,21/12/2018 04:01:03 +00:00,W,266,0,T-AIS,13.5,102560,27400,4.12,130,0,0,20.6,1.7,310,0.6,5,297,1.6,8,3
MAERSK KIMI,9162227,244132000,31.20543,32.35388,21/12/2018 04:28:05 +00:00,W,266,0.1,T-AIS,13.5,102560,27400,4.12,130,0,0,20.6,1.7,310,0.6,5,297,1.6,8,3
MAERSK KIMI,9162227,244132000,31.20543,32.35389,21/12/2018 04:55:06 +00:00,W,266,0.1,T-AIS,13.5,102560,27400,4.12,130,0,0,20.6,1.7,310,0.6,5,297,1.6,8,3
MAERSK KIMI,9162227,244132000,31.20545,32.35391,21/12/2018 05:22:04 +00:00,W,266,0,T-AIS,13.5,102560,27400,4.12,130,0,0,20.6,1.7,310,0.6,5,297,1.6,8,3
MAERSK KIMI,9162227,244132000,31.20542,32.35388,21/12/2018 05:49:02 +00:00,W,266,0,T-AIS,13.5,102560,27400,4.12,130,0,0,20.6,1.7,310,0.6,5,297,1.6,8,3
MAERSK KIMI,9162227,244132000,31.20544,32.35394,21/12/2018 06:16:05 +00:00,W,266,0,T-AIS,13.5,102560,27400,4.12,130,0,0,20.6,1.7,310,0.6,5,297,1.6,8,3
MAERSK KIMI,9162227,244132000,31.20547,32.35392,21/12/2018 06:43:04 +00:00,W,266,0,T-AIS,13.5,102560,27400,4.12,130,0,0,20.6,1.7,310,0.6,5,297,1.6,8,3
MAERSK KIMI,9162227,244132000,31.20545,32.35392,21/12/2018 07:10:04 +00:00,W,266,0,T-AIS,13.5,102560,27400,4.12,130,0,0,20.6,1.7,310,0.6,5,297,1.6,8,3
MAERSK KIMI,9162227,244132000,31.20542,32.35382,21/12/2018 07:37:07 +00:00,W,266,0,T-AIS,13.5,102560,27400,4.12,130,0,0,20.6,1.7,310,0.6,5,297,1.6,8,3
MAERSK KIMI,9162227,244132000,31.20544,32.35387,21/12/2018 08:04:06 +00:00,W,266,0,T-AIS,13.5,102560,27400,4.12,130,0,0,20.6,1.7,310,0.6,5,297,1.6,8,3
MAERSK KIMI,9162227,244132000,31.20546,32.35383,21/12/2018 08:31:08 +00:00,W,266,0,T-AIS,13.5,102560,27400,4.12,130,0,0,20.6,1.7,310,0.6,5,297,1.6,8,3
MAERSK KIMI,9162227,244132000,31.20524,32.35398,21/12/2018 08:58:00 +00:00,W,266,0,T-AIS,13.5,102560,27400,4.12,130,0,0,20.6,1.7,310,0.6,5,297,1.6,8,3
MAERSK KIMI,9162227,244132000,31.20543,32.3539,21/12/2018 09:25:03 +00:00,W,266,0.1,T-AIS,19.6,102410,32600,4.12,146,0,0,20.6,1.5,326,0.1,3,303,1.5,7,4
MAERSK KIMI,9162227,244132000,31.20543,32.35386,21/12/2018 09:52:07 +00:00,W,266,0,T-AIS,19.6,102410,32600,4.12,146,0,0,20.6,1.5,326,0.1,3,303,1.5,7,4
MAERSK KIMI,9162227,244132000,31.20541,32.35388,21/12/2018 10:19:10 +00:00,W,278,0,T-AIS,19.6,102410,32600,4.12,146,0,0,20.6,1.5,326,0.1,3,303,1.5,7,4
MAERSK KIMI,9162227,244132000,31.20543,32.35386,21/12/2018 10:46:03 +00:00,W,278,0,T-AIS,19.6,102410,32600,4.12,146,0,0,20.6,1.5,326,0.1,3,303,1.5,7,4
MAERSK KIMI,9162227,244132000,31.20535,32.35389,21/12/2018 11:13:11 +00:00,W,278,0,T-AIS,19.6,102410,32600,4.12,146,0,0,20.6,1.5,326,0.1,3,303,1.5,7,4
MAERSK KIMI,9162227,244132000,31.2054,32.3539,21/12/2018 11:40:10 +00:00,W,278,0.1,T-AIS,19.6,102410,32600,4.12,146,0,0,20.6,1.5,326,0.1,3,303,1.5,7,4
MAERSK KIMI,9162227,244132000,31.2054,32.35386,21/12/2018 12:07:07 +00:00,W,278,0,T-AIS,19.6,102410,32600,4.12,146,0,0,20.6,1.5,326,0.1,3,303,1.5,7,4
MAERSK KIMI,9162227,244132000,31.20543,32.35382,21/12/2018 12:34:08 +00:00,WSW,258,0.1,T-AIS,19.6,102410,32600,4.12,146,0,0,20.6,1.5,326,0.1,3,303,1.5,7,4
MAERSK KIMI,9162227,244132000,31.20545,32.35384,21/12/2018 13:01:11 +00:00,WNW,285,0.1,T-AIS,19.6,102410,32600,4.12,146,0,0,20.6,1.5,326,0.1,3,303,1.5,7,4
MAERSK KIMI,9162227,244132000,31.20543,32.35389,21/12/2018 13:28:07 +00:00,WNW,285,0,T-AIS,19.6,102410,32600,4.12,146,0,0,20.6,1.5,326,0.1,3,303,1.5,7,4
MAERSK KIMI,9162227,244132000,31.205,32.35333,21/12/2018 13:29:25 +00:00,WNW,285,0,S-AIS,19.6,102410,32600,4.12,146,0,0,20.6,1.5,326,0.1,3,303,1.5,7,4
MAERSK KIMI,9162227,244132000,31.20544,32.35383,21/12/2018 13:55:06 +00:00,WNW,285,0.1,T-AIS,19.6,102410,32600,4.12,146,0,0,20.6,1.5,326,0.1,3,303,1.5,7,4
MAERSK KIMI,9162227,244132000,31.20542,32.35389,21/12/2018 14:22:07 +00:00,WNW,285,0.1,T-AIS,19.6,102410,32600,4.12,146,0,0,20.6,1.5,326,0.1,3,303,1.5,7,4
MAERSK KIMI,9162227,244132000,31.20545,32.3539,21/12/2018 14:52:10 +00:00,SW,224,0.1,T-AIS,19.6,102410,32600,4.12,146,0,0,20.6,1.5,326,0.1,3,303,1.5,7,4
MAERSK KIMI,9162227,244132000,31.20543,32.35383,21/12/2018 15:19:07 +00:00,WNW,283,0,T-AIS,14.6,102560,29500,3.6,174,0,0,20.6,1.2,354,0.2,2,304,1.2,7,3
MAERSK KIMI,9162227,244132000,31.20538,32.35386,21/12/2018 15:46:06 +00:00,WNW,287,0.1,T-AIS,14.6,102560,29500,3.6,174,0,0,20.6,1.2,354,0.2,2,304,1.2,7,3
MAERSK KIMI,9162227,244132000,31.20545,32.35387,21/12/2018 16:13:09 +00:00,WNW,287,0.1,T-AIS,14.6,102560,29500,3.6,174,0,0,20.6,1.2,354,0.2,2,304,1.2,7,3
MAERSK KIMI,9162227,244132000,31.2054,32.35385,21/12/2018 16:40:07 +00:00,WNW,287,0,T-AIS,14.6,102560,29500,3.6,174,0,0,20.6,1.2,354,0.2,2,304,1.2,7,3
MAERSK KIMI,9162227,244132000,31.20532,32.35382,21/12/2018 17:07:10 +00:00,WNW,287,0.1,T-AIS,14.6,102560,29500,3.6,174,0,0,20.6,1.2,354,0.2,2,304,1.2,7,3
MAERSK KIMI,9162227,244132000,31.20523,32.35382,21/12/2018 17:34:06 +00:00,WNW,287,0.1,T-AIS,14.6,102560,29500,3.6,174,0,0,20.6,1.2,354,0.2,2,304,1.2,7,3
MAERSK KIMI,9162227,244132000,31.205,32.35333,21/12/2018 17:53:23 +00:00,WNW,287,0,S-AIS,14.6,102560,29500,3.6,174,0,0,20.6,1.2,354,0.2,2,304,1.2,7,3
MAERSK KIMI,9162227,244132000,31.20544,32.35379,21/12/2018 17:55:06 +00:00,WNW,287,0,T-AIS,14.6,102560,29500,3.6,174,0,0,20.6,1.2,354,0.2,2,304,1.2,7,3
MAERSK KIMI,9162227,244132000,31.20538,32.35383,21/12/2018 18:01:08 +00:00,N,0,0.1,T-AIS,14.6,102560,29500,3.6,174,0,0,20.6,1.2,354,0.2,2,304,1.2,7,3
MAERSK KIMI,9162227,244132000,31.20565,32.35376,21/12/2018 18:28:07 +00:00,N,0,0,T-AIS,14.6,102560,29500,3.6,174,0,0,20.6,1.2,354,0.2,2,304,1.2,7,3
MAERSK KIMI,9162227,244132000,31.20541,32.35389,21/12/2018 18:55:09 +00:00,N,0,0.1,T-AIS,14.6,102560,29500,3.6,174,0,0,20.6,1.2,354,0.2,2,304,1.2,7,3
MAERSK KIMI,9162227,244132000,31.20544,32.35389,21/12/2018 19:19:09 +00:00,N,0,0,T-AIS,14.6,102560,29500,3.6,174,0,0,20.6,1.2,354,0.2,2,304,1.2,7,3
MAERSK KIMI,9162227,244132000,31.2054,32.35389,21/12/2018 19:49:08 +00:00,N,0,0.1,T-AIS,14.6,102560,29500,3.6,174,0,0,20.6,1.2,354,0.2,2,304,1.2,7,3
MAERSK KIMI,9162227,244132000,31.20542,32.35388,21/12/2018 20:13:13 +00:00,SSW,196,0,T-AIS,14.6,102560,29500,3.6,174,0,0,20.6,1.2,354,0.2,2,304,1.2,7,3
MAERSK KIMI,9162227,244132000,31.20528,32.35394,21/12/2018 20:34:09 +00:00,WSW,244,0,T-AIS,14.6,102560,29500,3.6,174,0,0,20.6,1.2,354,0.2,2,304,1.2,7,3
MAERSK KIMI,9162227,244132000,31.20531,32.35395,21/12/2018 20:49:09 +00:00,WSW,244,0,T-AIS,14.6,102560,29500,3.6,174,0,0,20.6,1.2,354,0.2,2,304,1.2,7,3
MAERSK KIMI,9162227,244132000,31.2054,32.3538,21/12/2018 21:04:11 +00:00,WSW,244,0,T-AIS,12.1,102500,26400,2.57,126,0,0,20.6,1,306,0,2,304,1,6,1
MAERSK KIMI,9162227,244132000,31.2054,32.35391,21/12/2018 21:31:10 +00:00,WSW,244,0,T-AIS,12.1,102500,26400,2.57,126,0,0,20.6,1,306,0,2,304,1,6,1
MAERSK KIMI,9162227,244132000,31.20539,32.35388,21/12/2018 21:58:11 +00:00,WSW,253,0,T-AIS,12.1,102500,26400,2.57,126,0,0,20.6,1,306,0,2,304,1,6,1
MAERSK KIMI,9162227,244132000,31.20539,32.35388,21/12/2018 22:25:11 +00:00,WSW,253,0.1,T-AIS,12.1,102500,26400,2.57,126,0,0,20.6,1,306,0,2,304,1,6,1
MAERSK KIMI,9162227,244132000,31.20539,32.35388,21/12/2018 22:52:08 +00:00,WSW,253,0,T-AIS,12.1,102500,26400,2.57,126,0,0,20.6,1,306,0,2,304,1,6,1
MAERSK KIMI,9162227,244132000,31.20542,32.35387,21/12/2018 23:22:11 +00:00,WSW,253,0,T-AIS,12.1,102500,26400,2.57,126,0,0,20.6,1,306,0,2,304,1,6,1
MAERSK KIMI,9162227,244132000,31.20535,32.35386,21/12/2018 23:49:15 +00:00,WSW,253,0,T-AIS,12.1,102500,26400,2.57,126,0,0,20.6,1,306,0,2,304,1,6,1
MAERSK KIMI,9162227,244132000,31.2054,32.35385,22/12/2018 00:16:11 +00:00,WSW,253,0.1,T-AIS,12.1,102500,26400,2.57,126,0,0,20.6,1,306,0,2,304,1,6,1
MAERSK KIMI,9162227,244132000,31.20539,32.35386,22/12/2018 00:43:09 +00:00,WSW,253,0.1,T-AIS,12.1,102500,26400,2.57,126,0,0,20.6,1,306,0,2,304,1,6,1
MAERSK KIMI,9162227,244132000,31.20539,32.35389,22/12/2018 01:10:11 +00:00,WSW,253,0.1,T-AIS,12.1,102500,26400,2.57,126,0,0,20.6,1,306,0,2,304,1,6,1
MAERSK KIMI,9162227,244132000,31.20541,32.35387,22/12/2018 01:37:11 +00:00,WSW,253,0,T-AIS,12.1,102500,26400,2.57,126,0,0,20.6,1,306,0,2,304,1,6,1
MAERSK KIMI,9162227,244132000,31.20545,32.35384,22/12/2018 02:04:08 +00:00,WSW,253,0.1,T-AIS,12.1,102500,26400,2.57,126,0,0,20.6,1,306,0,2,304,1,6,1
MAERSK KIMI,9162227,244132000,31.2062,32.35273,22/12/2018 02:29:36 +00:00,NW,322,0.3,T-AIS,12.1,102500,26400,2.57,126,0,0,20.6,1,306,0,2,304,1,6,1
MAERSK KIMI,9162227,244132000,31.19537,32.34233,22/12/2018 02:55:17 +00:00,SW,233,3.8,T-AIS,12.1,102500,26400,2.57,126,0,0,20.6,1,306,0,2,304,1,6,1
MAERSK KIMI,9162227,244132000,31.15782,32.32523,22/12/2018 03:20:34 +00:00,SSW,194,8.2,T-AIS,13.4,102480,32600,2.57,153,0,0,20.6,0.8,333,0.2,3,301,0.8,6,1
MAERSK KIMI,9162227,244132000,31.10078,32.30866,22/12/2018 03:45:47 +00:00,S,187,8.1,T-AIS,13.4,102480,32600,2.57,153,0,0,20.6,0.8,333,0.2,3,301,0.8,6,1
MAERSK KIMI,9162227,244132000,31.00506,32.31104,22/12/2018 04:28:07 +00:00,S,179,8.6,S-AIS,13.4,102480,32600,2.57,153,0,0,20.6,0.8,333,0.2,3,301,0.8,6,1
MAERSK KIMI,9162227,244132000,31.00167,32.31,22/12/2018 04:29:25 +00:00,S,180,8,S-AIS,13.4,102480,32600,2.57,153,0,0,20.6,0.8,333,0.2,3,301,0.8,6,1
MAERSK KIMI,9162227,244132000,30.74833,32.32333,22/12/2018 06:17:21 +00:00,SSE,166,8,S-AIS,13.4,102480,32600,2.57,153,0,0,20.6,0.8,333,0.2,3,301,0.8,6,1
MAERSK KIMI,9162227,244132000,30.2833,32.43592,22/12/2018 09:43:56 +00:00,SE,141,9.9,T-AIS,17.4,102250,32600,4.63,195,0,0,20.9,0.5,15,0.3,3,302,0.4,4,1
MAERSK KIMI,9162227,244132000,30.26352,32.4945,22/12/2018 10:04:56 +00:00,ESE,108,9.4,T-AIS,17.4,102250,32600,4.63,195,0,0,20.9,0.5,15,0.3,3,302,0.4,4,1
MAERSK KIMI,9162227,244132000,30.24229,32.53994,22/12/2018 10:22:37 +00:00,SE,143,9.2,T-AIS,15.7,102200,32600,5.14,201,0,0,21.2,0.4,21,0.3,4,286,0.2,4,2
MAERSK KIMI,9162227,244132000,30.21567,32.55727,22/12/2018 10:34:26 +00:00,SSE,150,9.2,T-AIS,15.7,102200,32600,5.14,201,0,0,21.2,0.4,21,0.3,4,286,0.2,4,2
MAERSK KIMI,9162227,244132000,30.20449,32.56417,22/12/2018 10:39:27 +00:00,SSE,153,9.1,T-AIS,15.7,102200,32600,5.14,201,0,0,21.2,0.4,21,0.3,4,286,0.2,4,2
MAERSK KIMI,9162227,244132000,30.15405,32.56958,22/12/2018 10:59:47 +00:00,S,178,9.4,T-AIS,15.7,102200,32600,5.14,201,0,0,21.2,0.4,21,0.3,4,286,0.2,4,2
MAERSK KIMI,9162227,244132000,30.11023,32.57046,22/12/2018 11:16:55 +00:00,S,179,9.2,T-AIS,15.7,102200,32600,5.14,201,0,0,21.2,0.4,21,0.3,4,286,0.2,4,2
MAERSK KIMI,9162227,244132000,30.06288,32.57177,22/12/2018 11:34:46 +00:00,S,174,9.6,T-AIS,15.7,102200,32600,5.14,201,0,0,21.2,0.4,21,0.3,4,286,0.2,4,2
MAERSK KIMI,9162227,244132000,30.0198,32.57917,22/12/2018 11:52:46 +00:00,S,171,9.9,T-AIS,15.7,102200,32600,5.14,201,0,0,21.2,0.4,21,0.3,4,286,0.2,4,2
MAERSK KIMI,9162227,244132000,29.9508,32.58072,22/12/2018 12:18:25 +00:00,SSW,206,7.3,T-AIS,15.7,102200,32600,5.14,201,0,0,21.2,0.4,21,0.3,4,286,0.2,4,2
MAERSK KIMI,9162227,244132000,29.93349,32.56471,22/12/2018 12:29:57 +00:00,SW,226,7.4,T-AIS,15.7,102200,32600,5.14,201,0,0,21.2,0.4,21,0.3,4,286,0.2,4,2
MAERSK KIMI,9162227,244132000,29.9219,32.55186,22/12/2018 12:37:45 +00:00,SW,214,7.6,S-AIS,15.7,102200,32600,5.14,201,0,0,21.2,0.4,21,0.3,4,286,0.2,4,2
MAERSK KIMI,9162227,244132000,29.90783,32.54631,22/12/2018 12:43:46 +00:00,S,188,10.2,T-AIS,15.7,102200,32600,5.14,201,0,0,21.2,0.4,21,0.3,4,286,0.2,4,2
MAERSK KIMI,9162227,244132000,29.81656,32.53349,22/12/2018 13:09:23 +00:00,SSW,201,15.8,T-AIS,15.7,102200,32600,5.14,201,0,0,21.2,0.4,21,0.3,4,286,0.2,4,2
MAERSK KIMI,9162227,244132000,29.69748,32.52185,22/12/2018 13:34:37 +00:00,S,180,18.6,T-AIS,15.7,102200,32600,5.14,201,0,0,21.2,0.4,21,0.3,4,286,0.2,4,2
MAERSK KIMI,9162227,244132000,29.28204,32.67043,22/12/2018 14:57:01 +00:00,SSE,164,19.1,S-AIS,19.8,102060,32600,8.75,166,0.15,146,21.2,0.6,346,0.6,4,286,0.2,4,1
MAERSK KIMI,9162227,244132000,28.33667,33.165,22/12/2018 18:14:23 +00:00,SSE,148,18,S-AIS,13.7,102090,31200,6.17,152,0,0,22.6,0.8,332,0.7,3,3,0.4,4,2
MAERSK KIMI,9162227,244132000,28.29667,33.19333,22/12/2018 18:23:21 +00:00,SSE,147,18,S-AIS,13.7,102090,31200,6.17,152,0,0,22.6,0.8,332,0.7,3,3,0.4,4,2
MAERSK KIMI,9162227,244132000,27.71025,33.83445,22/12/2018 20:59:26 +00:00,SE,139,18.8,S-AIS,15.1,102000,32600,2.57,125,0,0,23.9,0.8,305,0.8,3,337,0.2,4,1
MAERSK KIMI,9162227,244132000,26.01973,35.23429,23/12/2018 03:29:49 +00:00,SE,142,19.2,S-AIS,22.4,101880,32600,9.26,173,0.21,177,24.1,1.3,353,1.2,5,303,0.5,5,2
MAERSK KIMI,9162227,244132000,25.575,35.61,23/12/2018 05:14:21 +00:00,SE,143,19,S-AIS,22.9,101820,32600,4.63,204,0.36,322,25.4,1.1,24,0.6,3,313,0.9,5,2
MAERSK KIMI,9162227,244132000,22.92867,37.74657,23/12/2018 15:28:13 +00:00,SE,146,19.4,S-AIS,26.3,101560,32600,6.69,157,0.15,156,26.8,1.2,337,0.9,4,307,0.8,6,2
MAERSK KIMI,9162227,244132000,22.66375,37.91439,23/12/2018 16:25:03 +00:00,SE,142,19.7,T-AIS,26.3,101560,32600,6.69,157,0.15,156,26.8,1.2,337,0.9,4,307,0.8,6,2
MAERSK KIMI,9162227,244132000,22.6235,37.94983,23/12/2018 16:34:25 +00:00,SE,139,20,S-AIS,26.3,101560,32600,6.69,157,0.15,156,26.8,1.2,337,0.9,4,307,0.8,6,2
MAERSK KIMI,9162227,244132000,22.54636,38.01981,23/12/2018 16:52:23 +00:00,SE,138,19.9,S-AIS,26.3,101560,32600,6.69,157,0.15,156,26.8,1.2,337,0.9,4,307,0.8,6,2
MAERSK KIMI,9162227,244132000,22.53587,38.0296,23/12/2018 16:55:11 +00:00,SE,138,19.9,T-AIS,26.3,101560,32600,6.69,157,0.15,156,26.8,1.2,337,0.9,4,307,0.8,6,2
MAERSK KIMI,9162227,244132000,22.42667,38.12833,23/12/2018 17:20:23 +00:00,SE,139,19,S-AIS,26.2,101570,32600,6.17,154,0.15,119,27,1.3,334,0.9,4,317,1,6,2
MAERSK KIMI,9162227,244132000,22.41742,38.13871,23/12/2018 17:22:59 +00:00,SE,142,19.7,S-AIS,26.2,101570,32600,6.17,154,0.15,119,27,1.3,334,0.9,4,317,1,6,2
MAERSK KIMI,9162227,244132000,22.33667,38.205,23/12/2018 17:41:44 +00:00,SE,141,20,T-AIS,26.2,101570,32600,6.17,154,0.15,119,27,1.3,334,0.9,4,317,1,6,2
MAERSK KIMI,9162227,244132000,22.06667,38.42167,23/12/2018 18:41:42 +00:00,SE,144,20,T-AIS,26.2,101570,32600,6.17,154,0.15,119,27,1.3,334,0.9,4,317,1,6,2
MAERSK KIMI,9162227,244132000,21.94187,38.52196,23/12/2018 19:09:54 +00:00,SE,143,19.8,T-AIS,25.3,101540,32600,4.12,110,0.05,213,27.1,1.1,290,0.7,3,315,0.9,6,1
MAERSK KIMI,9162227,244132000,21.85126,38.59258,23/12/2018 19:30:01 +00:00,SE,145,19.3,S-AIS,25.3,101540,32600,4.12,110,0.05,213,27.1,1.1,290,0.7,3,315,0.9,6,1
MAERSK KIMI,9162227,244132000,21.93301,38.52902,23/12/2018 19:52:21 +00:00,SE,141,19.8,T-AIS,25.3,101540,32600,4.12,110,0.05,213,27.1,1.1,290,0.7,3,315,0.9,6,1
MAERSK KIMI,9162227,244132000,21.70839,38.70228,23/12/2018 20:02:49 +00:00,SE,143,19.2,S-AIS,25.3,101540,32600,4.12,110,0.05,213,27.1,1.1,290,0.7,3,315,0.9,6,1
MAERSK KIMI,9162227,244132000,21.66823,38.73441,23/12/2018 20:12:07 +00:00,SE,139,19.2,T-AIS,25.3,101540,32600,4.12,110,0.05,213,27.1,1.1,290,0.7,3,315,0.9,6,1
MAERSK KIMI,9162227,244132000,21.6008,38.85012,23/12/2018 20:35:50 +00:00,ESE,118,19.5,S-AIS,25.3,101540,32600,4.12,110,0.05,213,27.1,1.1,290,0.7,3,315,0.9,6,1
MAERSK KIMI,9162227,244132000,21.58451,38.88249,23/12/2018 20:42:06 +00:00,ESE,118,19.6,S-AIS,25.3,101540,32600,4.12,110,0.05,213,27.1,1.1,290,0.7,3,315,0.9,6,1
MAERSK KIMI,9162227,244132000,21.53585,38.98533,23/12/2018 21:03:26 +00:00,ESE,117,16.5,T-AIS,22.8,101470,26700,2.57,224,0.05,270,27.1,1.1,44,0.7,3,311,0.9,6,2
MAERSK KIMI,9162227,244132000,21.49056,39.0746,23/12/2018 21:29:05 +00:00,SE,128,8.6,T-AIS,26.2,101440,32600,3.6,199,0.1,357,27.5,1,19,0.4,2,313,0.9,6,2
MAERSK KIMI,9162227,244132000,21.47314,39.09574,23/12/2018 21:43:14 +00:00,SE,132,5.7,S-AIS,26.2,101440,32600,3.6,199,0.1,357,27.5,1,19,0.4,2,313,0.9,6,2
MAERSK KIMI,9162227,244132000,21.46575,39.11369,23/12/2018 21:54:56 +00:00,E,93,6,T-AIS,26.2,101440,32600,3.6,199,0.1,357,27.5,1,19,0.4,2,313,0.9,6,2
MAERSK KIMI,9162227,244132000,21.48582,39.14639,23/12/2018 22:20:36 +00:00,ENE,63,2.4,T-AIS,26.2,101440,32600,3.6,199,0.1,357,27.5,1,19,0.4,2,313,0.9,6,2
MAERSK KIMI,9162227,244132000,21.4862,39.15277,23/12/2018 22:46:26 +00:00,E,96,0.5,T-AIS,26.2,101440,32600,3.6,199,0.1,357,27.5,1,19,0.4,2,313,0.9,6,2
MAERSK KIMI,9162227,244132000,21.485,39.15333,23/12/2018 23:08:43 +00:00,ESE,114,0,T-AIS,26.2,101440,32600,3.6,199,0.1,357,27.5,1,19,0.4,2,313,0.9,6,2
MAERSK KIMI,9162227,244132000,21.48572,39.15394,23/12/2018 23:40:00 +00:00,ESE,114,0,T-AIS,26.2,101440,32600,3.6,199,0.1,357,27.5,1,19,0.4,2,313,0.9,6,2
MAERSK KIMI,9162227,244132000,21.48583,39.15403,24/12/2018 00:07:03 +00:00,ESE,114,0,T-AIS,26.2,101440,32600,3.6,199,0.1,357,27.5,1,19,0.4,2,313,0.9,6,2
MAERSK KIMI,9162227,244132000,21.48582,39.15406,24/12/2018 00:34:01 +00:00,ESE,114,0,T-AIS,26.2,101440,32600,3.6,199,0.1,357,27.5,1,19,0.4,2,313,0.9,6,2
MAERSK KIMI,9162227,244132000,21.4858,39.15406,24/12/2018 01:01:00 +00:00,ESE,114,0,T-AIS,26.2,101440,32600,3.6,199,0.1,357,27.5,1,19,0.4,2,313,0.9,6,2
MAERSK KIMI,9162227,244132000,21.48578,39.15403,24/12/2018 01:27:55 +00:00,ESE,114,0,T-AIS,26.2,101440,32600,3.6,199,0.1,357,27.5,1,19,0.4,2,313,0.9,6,2
MAERSK KIMI,9162227,244132000,21.48582,39.15415,24/12/2018 01:54:57 +00:00,ESE,114,0,T-AIS,26.2,101440,32600,3.6,199,0.1,357,27.5,1,19,0.4,2,313,0.9,6,2
MAERSK KIMI,9162227,244132000,21.48588,39.1539,24/12/2018 02:21:59 +00:00,ESE,114,0,T-AIS,26.2,101440,32600,3.6,199,0.1,357,27.5,1,19,0.4,2,313,0.9,6,2
MAERSK KIMI,9162227,244132000,21.485,39.15333,24/12/2018 02:41:45 +00:00,ESE,114,0,T-AIS,26.2,101440,32600,3.6,199,0.1,357,27.5,1,19,0.4,2,313,0.9,6,2
MAERSK KIMI,9162227,244132000,21.48585,39.15402,24/12/2018 02:49:00 +00:00,ESE,114,0,T-AIS,26.2,101440,32600,3.6,199,0.1,357,27.5,1,19,0.4,2,313,0.9,6,2
MAERSK KIMI,9162227,244132000,21.48579,39.15405,24/12/2018 03:16:01 +00:00,ESE,114,0,T-AIS,26.2,101620,32600,3.09,188,0.05,344,27.6,0.9,8,0.4,2,314,0.8,6,1
MAERSK KIMI,9162227,244132000,21.48584,39.15403,24/12/2018 03:43:00 +00:00,ESE,114,0,T-AIS,26.2,101620,32600,3.09,188,0.05,344,27.6,0.9,8,0.4,2,314,0.8,6,1
MAERSK KIMI,9162227,244132000,21.4858,39.15398,24/12/2018 04:10:02 +00:00,ESE,114,0.1,T-AIS,26.2,101620,32600,3.09,188,0.05,344,27.6,0.9,8,0.4,2,314,0.8,6,1
MAERSK KIMI,9162227,244132000,21.48585,39.15408,24/12/2018 04:36:57 +00:00,ESE,114,0,T-AIS,26.2,101620,32600,3.09,188,0.05,344,27.6,0.9,8,0.4,2,314,0.8,6,1
MAERSK KIMI,9162227,244132000,21.485,39.15333,24/12/2018 04:59:24 +00:00,ESE,114,0,S-AIS,26.2,101620,32600,3.09,188,0.05,344,27.6,0.9,8,0.4,2,314,0.8,6,1
MAERSK KIMI,9162227,244132000,21.48584,39.15405,24/12/2018 05:04:01 +00:00,ESE,114,0,T-AIS,26.2,101620,32600,3.09,188,0.05,344,27.6,0.9,8,0.4,2,314,0.8,6,1
MAERSK KIMI,9162227,244132000,21.48583,39.15405,24/12/2018 05:31:02 +00:00,ESE,114,0,T-AIS,26.2,101620,32600,3.09,188,0.05,344,27.6,0.9,8,0.4,2,314,0.8,6,1
MAERSK KIMI,9162227,244132000,21.485,39.15333,24/12/2018 05:41:50 +00:00,ESE,114,0,T-AIS,26.2,101620,32600,3.09,188,0.05,344,27.6,0.9,8,0.4,2,314,0.8,6,1
MAERSK KIMI,9162227,244132000,21.48583,39.15398,24/12/2018 05:57:59 +00:00,ESE,114,0,T-AIS,26.2,101620,32600,3.09,188,0.05,344,27.6,0.9,8,0.4,2,314,0.8,6,1
MAERSK KIMI,9162227,244132000,21.48584,39.15403,24/12/2018 06:24:58 +00:00,ESE,114,0,T-AIS,26.2,101620,32600,3.09,188,0.05,344,27.6,0.9,8,0.4,2,314,0.8,6,1
MAERSK KIMI,9162227,244132000,21.48584,39.15405,24/12/2018 06:52:01 +00:00,ESE,114,0,T-AIS,26.2,101620,32600,3.09,188,0.05,344,27.6,0.9,8,0.4,2,314,0.8,6,1
MAERSK KIMI,9162227,244132000,21.48585,39.15405,24/12/2018 07:18:57 +00:00,ESE,114,0,T-AIS,26.2,101620,32600,3.09,188,0.05,344,27.6,0.9,8,0.4,2,314,0.8,6,1
MAERSK KIMI,9162227,244132000,21.48585,39.15401,24/12/2018 07:46:02 +00:00,ESE,114,0,T-AIS,26.2,101620,32600,3.09,188,0.05,344,27.6,0.9,8,0.4,2,314,0.8,6,1
MAERSK KIMI,9162227,244132000,21.48584,39.15402,24/12/2018 08:13:02 +00:00,ESE,114,0,T-AIS,26.2,101620,32600,3.09,188,0.05,344,27.6,0.9,8,0.4,2,314,0.8,6,1
MAERSK KIMI,9162227,244132000,21.48584,39.15406,24/12/2018 08:40:02 +00:00,ESE,114,0,T-AIS,26.2,101620,32600,3.09,188,0.05,344,27.6,0.9,8,0.4,2,314,0.8,6,1
MAERSK KIMI,9162227,244132000,21.48586,39.15406,24/12/2018 09:06:58 +00:00,ESE,114,0,T-AIS,26.7,101430,32600,3.6,142,0.15,347,27.6,0.9,322,0.5,2,315,0.8,6,1
MAERSK KIMI,9162227,244132000,21.48585,39.15409,24/12/2018 09:34:02 +00:00,ESE,114,0,T-AIS,26.7,101430,32600,3.6,142,0.15,347,27.6,0.9,322,0.5,2,315,0.8,6,1
MAERSK KIMI,9162227,244132000,21.48586,39.15406,24/12/2018 10:01:00 +00:00,ESE,114,0,T-AIS,26.7,101430,32600,3.6,142,0.15,347,27.6,0.9,322,0.5,2,315,0.8,6,1
MAERSK KIMI,9162227,244132000,21.48575,39.15387,24/12/2018 10:28:04 +00:00,WSW,241,0.2,T-AIS,26.7,101430,32600,3.6,142,0.15,347,27.6,0.9,322,0.5,2,315,0.8,6,1
MAERSK KIMI,9162227,244132000,21.47964,39.13601,24/12/2018 10:53:25 +00:00,SW,231,6.5,T-AIS,26.7,101430,32600,3.6,142,0.15,347,27.6,0.9,322,0.5,2,315,0.8,6,1
MAERSK KIMI,9162227,244132000,20.99667,38.895,24/12/2018 13:02:42 +00:00,S,178,17,T-AIS,26.7,101430,32600,3.6,142,0.15,347,27.6,0.9,322,0.5,2,315,0.8,6,1
MAERSK KIMI,9162227,244132000,20.6751,38.99941,24/12/2018 14:13:13 +00:00,SSE,155,17.7,S-AIS,26.7,101430,32600,3.6,142,0.15,347,27.6,0.9,322,0.5,2,315,0.8,6,1
MAERSK KIMI,9162227,244132000,20.54833,39.06167,24/12/2018 14:42:06 +00:00,SSE,153,17,T-AIS,26.7,101430,32600,3.6,142,0.15,347,27.6,0.9,322,0.5,2,315,0.8,6,1
MAERSK KIMI,9162227,244132000,20.225,39.20667,24/12/2018 15:53:43 +00:00,SSE,157,17,T-AIS,27,101560,32600,2.57,186,0.31,279,28.5,0.8,6,0.2,1,321,0.8,6,1
MAERSK KIMI,9162227,244132000,20.19833,39.22233,24/12/2018 16:00:12 +00:00,SSE,150,17.4,T-AIS,27,101560,32600,2.57,186,0.31,279,28.5,0.8,6,0.2,1,321,0.8,6,1
MAERSK KIMI,9162227,244132000,19.88997,39.39329,24/12/2018 17:10:36 +00:00,SSE,153,18,S-AIS,27,101560,32600,2.57,186,0.31,279,28.5,0.8,6,0.2,1,321,0.8,6,1
MAERSK KIMI,9162227,244132000,19.83167,39.42333,24/12/2018 17:23:53 +00:00,SSE,152,18,T-AIS,27,101560,32600,2.57,186,0.31,279,28.5,0.8,6,0.2,1,321,0.8,6,1
MAERSK KIMI,9162227,244132000,19.51167,39.59833,24/12/2018 18:35:46 +00:00,SSE,153,17,T-AIS,27.5,101550,32600,2.57,145,0.05,18,29,0.4,325,0.1,3,292,0.4,5,3
MAERSK KIMI,9162227,244132000,19.2313,39.74822,24/12/2018 19:40:12 +00:00,SSE,153,17.1,S-AIS,27.5,101520,32600,3.6,317,0.1,354,28.9,0.9,137,0.3,2,223,0.8,5,1
MAERSK KIMI,9162227,244132000,19.20497,39.76273,24/12/2018 19:46:25 +00:00,SSE,151,17.1,S-AIS,27.5,101520,32600,3.6,317,0.1,354,28.9,0.9,137,0.3,2,223,0.8,5,1
MAERSK KIMI,9162227,244132000,19.12333,39.805,24/12/2018 20:05:44 +00:00,SSE,154,17,T-AIS,27.5,101520,32600,3.6,317,0.1,354,28.9,0.9,137,0.3,2,223,0.8,5,1
MAERSK KIMI,9162227,244132000,19.09807,39.81953,24/12/2018 20:12:13 +00:00,SSE,150,16.8,T-AIS,27.5,101520,32600,3.6,317,0.1,354,28.9,0.9,137,0.3,2,223,0.8,5,1
MAERSK KIMI,9162227,244132000,19.06529,39.83713,24/12/2018 20:19:26 +00:00,SSE,153,16.9,S-AIS,27.5,101520,32600,3.6,317,0.1,354,28.9,0.9,137,0.3,2,223,0.8,5,1
MAERSK KIMI,9162227,244132000,18.97167,39.885,24/12/2018 20:41:59 +00:00,SSE,153,16,T-AIS,27.5,101520,32600,3.6,317,0.1,354,28.9,0.9,137,0.3,2,223,0.8,5,1
MAERSK KIMI,9162227,244132000,18.69833,40.02667,24/12/2018 21:47:49 +00:00,SSE,153,16,T-AIS,27.3,101470,32600,3.09,259,0.1,340,28.9,0.9,79,0.3,2,182,0.9,6,3
MAERSK KIMI,9162227,244132000,18.6739,40.04062,24/12/2018 21:54:23 +00:00,SSE,153,16.3,T-AIS,27.3,101470,32600,3.09,259,0.1,340,28.9,0.9,79,0.3,2,182,0.9,6,3
MAERSK KIMI,9162227,244132000,18.425,40.16667,24/12/2018 22:53:41 +00:00,SSE,155,16,T-AIS,27.1,101440,32600,5.66,306,0.05,11,28.4,1.1,126,0.5,3,151,1,6,1
MAERSK KIMI,9162227,244132000,18.39895,40.18072,24/12/2018 23:00:08 +00:00,SSE,155,16.9,T-AIS,27.1,101440,32600,5.66,306,0.05,11,28.4,1.1,126,0.5,3,151,1,6,1
MAERSK KIMI,9162227,244132000,18.13211,40.32175,25/12/2018 00:04:36 +00:00,SSE,152,16.6,T-AIS,27.1,101440,32600,5.66,306,0.05,11,28.4,1.1,126,0.5,3,151,1,6,1
MAERSK KIMI,9162227,244132000,18.10167,40.33833,25/12/2018 00:11:59 +00:00,SSE,152,16,T-AIS,27.1,101440,32600,5.66,306,0.05,11,28.4,1.1,126,0.5,3,151,1,6,1
MAERSK KIMI,9162227,244132000,17.95333,40.41667,25/12/2018 00:47:38 +00:00,SSE,154,16,T-AIS,27.1,101440,32600,5.66,306,0.05,11,28.4,1.1,126,0.5,3,151,1,6,1
MAERSK KIMI,9162227,244132000,17.7835,40.50145,25/12/2018 01:28:19 +00:00,SSE,155,16.4,S-AIS,27.4,101470,32600,4.63,304,0.21,358,29.1,0.4,124,0.4,3,193,0.1,4,1
MAERSK KIMI,9162227,244132000,17.72424,40.53006,25/12/2018 01:42:38 +00:00,SSE,154,16.3,S-AIS,27.4,101470,32600,4.63,304,0.21,358,29.1,0.4,124,0.4,3,193,0.1,4,1
MAERSK KIMI,9162227,244132000,17.71667,40.53333,25/12/2018 01:44:42 +00:00,SSE,155,16,T-AIS,27.4,101470,32600,4.63,304,0.21,358,29.1,0.4,124,0.4,3,193,0.1,4,1
MAERSK KIMI,9162227,244132000,17.7037,40.54023,25/12/2018 01:47:38 +00:00,SSE,154,16.4,S-AIS,27.4,101470,32600,4.63,304,0.21,358,29.1,0.4,124,0.4,3,193,0.1,4,1
MAERSK KIMI,9162227,244132000,17.70204,40.54104,25/12/2018 01:48:03 +00:00,SSE,155,16.4,S-AIS,27.4,101470,32600,4.63,304,0.21,358,29.1,0.4,124,0.4,3,193,0.1,4,1
MAERSK KIMI,9162227,244132000,17.70046,40.5418,25/12/2018 01:48:26 +00:00,SSE,155,16.3,S-AIS,27.4,101470,32600,4.63,304,0.21,358,29.1,0.4,124,0.4,3,193,0.1,4,1
MAERSK KIMI,9162227,244132000,17.69914,40.54243,25/12/2018 01:48:45 +00:00,SSE,155,16.4,S-AIS,27.4,101470,32600,4.63,304,0.21,358,29.1,0.4,124,0.4,3,193,0.1,4,1
MAERSK KIMI,9162227,244132000,17.69666,40.54365,25/12/2018 01:49:21 +00:00,SSE,154,16.4,S-AIS,27.4,101470,32600,4.63,304,0.21,358,29.1,0.4,124,0.4,3,193,0.1,4,1
MAERSK KIMI,9162227,244132000,17.69501,40.54448,25/12/2018 01:49:45 +00:00,SSE,154,16.3,S-AIS,27.4,101470,32600,4.63,304,0.21,358,29.1,0.4,124,0.4,3,193,0.1,4,1
MAERSK KIMI,9162227,244132000,17.69419,40.5449,25/12/2018 01:49:56 +00:00,SSE,154,16.4,S-AIS,27.4,101470,32600,4.63,304,0.21,358,29.1,0.4,124,0.4,3,193,0.1,4,1
MAERSK KIMI,9162227,244132000,17.69214,40.54593,25/12/2018 01:50:26 +00:00,SSE,154,16.4,S-AIS,27.4,101470,32600,4.63,304,0.21,358,29.1,0.4,124,0.4,3,193,0.1,4,1
MAERSK KIMI,9162227,244132000,17.69138,40.54631,25/12/2018 01:50:38 +00:00,SSE,154,16.4,S-AIS,27.4,101470,32600,4.63,304,0.21,358,29.1,0.4,124,0.4,3,193,0.1,4,1
MAERSK KIMI,9162227,244132000,17.69214,40.54593,25/12/2018 01:50:47 +00:00,SSE,154,16.4,T-AIS,27.4,101470,32600,4.63,304,0.21,358,29.1,0.4,124,0.4,3,193,0.1,4,1
MAERSK KIMI,9162227,244132000,17.68965,40.54714,25/12/2018 01:51:03 +00:00,SSE,155,16.3,S-AIS,27.4,101470,32600,4.63,304,0.21,358,29.1,0.4,124,0.4,3,193,0.1,4,1
MAERSK KIMI,9162227,244132000,17.68677,40.54854,25/12/2018 01:51:45 +00:00,SSE,155,16.3,S-AIS,27.4,101470,32600,4.63,304,0.21,358,29.1,0.4,124,0.4,3,193,0.1,4,1
MAERSK KIMI,9162227,244132000,17.64794,40.5685,25/12/2018 02:01:13 +00:00,SSE,153,16.3,S-AIS,27.4,101470,32600,4.63,304,0.21,358,29.1,0.4,124,0.4,3,193,0.1,4,1
MAERSK KIMI,9162227,244132000,17.59023,40.59869,25/12/2018 02:15:25 +00:00,SSE,154,16.3,S-AIS,27.4,101470,32600,4.63,304,0.21,358,29.1,0.4,124,0.4,3,193,0.1,4,1
MAERSK KIMI,9162227,244132000,17.47955,40.65709,25/12/2018 02:42:36 +00:00,SSE,152,16.3,S-AIS,26.8,101450,32600,6.17,316,0.46,325,27.5,1.1,136,0.3,3,160,1.1,6,1
MAERSK KIMI,9162227,244132000,17.45833,40.66667,25/12/2018 02:47:49 +00:00,SSE,153,16,T-AIS,26.8,101450,32600,6.17,316,0.46,325,27.5,1.1,136,0.3,3,160,1.1,6,1
MAERSK KIMI,9162227,244132000,17.23994,40.78819,25/12/2018 03:42:13 +00:00,SSE,152,16.1,S-AIS,26.3,101630,32600,8.23,336,0.51,327,27.5,1.5,156,1.4,5,279,0.4,5,2
MAERSK KIMI,9162227,244132000,17.23275,40.79214,25/12/2018 03:43:58 +00:00,SSE,152,16.2,S-AIS,26.3,101630,32600,8.23,336,0.51,327,27.5,1.5,156,1.4,5,279,0.4,5,2
MAERSK KIMI,9162227,244132000,17.02255,40.90452,25/12/2018 04:35:30 +00:00,SSE,152,16.4,S-AIS,26.3,101630,32600,8.23,336,0.51,327,27.5,1.5,156,1.4,5,279,0.4,5,2
MAERSK KIMI,9162227,244132000,17.00011,40.91649,25/12/2018 04:40:59 +00:00,SSE,153,16.4,S-AIS,26.3,101630,32600,8.23,336,0.51,327,27.5,1.5,156,1.4,5,279,0.4,5,2
MAERSK KIMI,9162227,244132000,16.985,40.92333,25/12/2018 04:44:57 +00:00,SSE,153,16,T-AIS,26.3,101630,32600,8.23,336,0.51,327,27.5,1.5,156,1.4,5,279,0.4,5,2
MAERSK KIMI,9162227,244132000,16.835,40.99667,25/12/2018 05:20:24 +00:00,SSE,155,16,S-AIS,26.3,101630,32600,8.23,336,0.51,327,27.5,1.5,156,1.4,5,279,0.4,5,2
MAERSK KIMI,9162227,244132000,16.82625,41.0027,25/12/2018 05:23:03 +00:00,SSE,155,16.8,T-AIS,26.3,101630,32600,8.23,336,0.51,327,27.5,1.5,156,1.4,5,279,0.4,5,2
MAERSK KIMI,9162227,244132000,16.75833,41.035,25/12/2018 05:38:46 +00:00,SSE,153,16,T-AIS,26.3,101630,32600,8.23,336,0.51,327,27.5,1.5,156,1.4,5,279,0.4,5,2
MAERSK KIMI,9162227,244132000,16.64135,41.09691,25/12/2018 06:07:14 +00:00,SSE,152,16.6,T-AIS,26.3,101630,32600,8.23,336,0.51,327,27.5,1.5,156,1.4,5,279,0.4,5,2
MAERSK KIMI,9162227,244132000,16.49833,41.17167,25/12/2018 06:41:51 +00:00,SSE,154,16,T-AIS,26.2,101620,32600,9.26,330,0.31,337,26.9,1.7,150,1.6,6,92,0.5,6,2
MAERSK KIMI,9162227,244132000,16.29916,41.27831,25/12/2018 07:29:25 +00:00,SSE,154,16.5,S-AIS,26.2,101620,32600,9.26,330,0.31,337,26.9,1.7,150,1.6,6,92,0.5,6,2
MAERSK KIMI,9162227,244132000,16.15,41.34833,25/12/2018 08:05:52 +00:00,SSE,155,15,T-AIS,26.2,101620,32600,9.26,330,0.31,337,26.9,1.7,150,1.6,6,92,0.5,6,2
MAERSK KIMI,9162227,244132000,16.11484,41.36671,25/12/2018 08:14:44 +00:00,SSE,153,15.7,T-AIS,26.2,101620,32600,9.26,330,0.31,337,26.9,1.7,150,1.6,6,92,0.5,6,2
MAERSK KIMI,9162227,244132000,15.99686,41.42707,25/12/2018 08:43:49 +00:00,SSE,154,16,S-AIS,26.2,101620,32600,9.26,330,0.31,337,26.9,1.7,150,1.6,6,92,0.5,6,2
MAERSK KIMI,9162227,244132000,15.98561,41.43279,25/12/2018 08:47:03 +00:00,SSE,153,16,T-AIS,26.2,101620,32600,9.26,330,0.31,337,26.9,1.7,150,1.6,6,92,0.5,6,2
MAERSK KIMI,9162227,244132000,15.8713,41.49284,25/12/2018 09:14:48 +00:00,SSE,151,16.5,S-AIS,26.6,101300,32600,8.75,334,0.36,330,26.9,1.8,154,1.7,6,105,0.5,6,1
MAERSK KIMI,9162227,244132000,15.77167,41.54333,25/12/2018 09:39:06 +00:00,SSE,154,16,T-AIS,26.3,101360,32600,9.77,352,0.31,335,27,1.7,172,1.7,6,136,0.3,5,2
MAERSK KIMI,9162227,244132000,15.72253,41.56958,25/12/2018 09:50:34 +00:00,SSE,153,17.1,T-AIS,26.3,101360,32600,9.77,352,0.31,335,27,1.7,172,1.7,6,136,0.3,5,2
MAERSK KIMI,9162227,244132000,15.51667,41.66333,25/12/2018 10:38:43 +00:00,SE,145,16,T-AIS,26.3,101360,32600,9.77,352,0.31,335,27,1.7,172,1.7,6,136,0.3,5,2
MAERSK KIMI,9162227,244132000,15.45574,41.70656,25/12/2018 10:54:29 +00:00,SE,145,16.8,T-AIS,26.4,101320,32600,11.32,347,0.21,31,26.1,2,167,1.9,6,139,0.5,6,1
MAERSK KIMI,9162227,244132000,15.17333,41.85333,25/12/2018 12:02:45 +00:00,SSE,151,16,T-AIS,26.4,101320,32600,11.32,347,0.21,31,26.1,2,167,1.9,6,139,0.5,6,1
MAERSK KIMI,9162227,244132000,14.98833,41.94,25/12/2018 12:47:42 +00:00,SSE,152,16,T-AIS,26.4,101320,32600,11.32,347,0.21,31,26.1,2,167,1.9,6,139,0.5,6,1
MAERSK KIMI,9162227,244132000,14.95169,41.96101,25/12/2018 12:56:37 +00:00,SSE,151,16.4,S-AIS,26.4,101320,32600,11.32,347,0.21,31,26.1,2,167,1.9,6,139,0.5,6,1
MAERSK KIMI,9162227,244132000,14.79,42.035,25/12/2018 13:35:55 +00:00,SSE,157,16,T-AIS,26.4,101320,32600,11.32,347,0.21,31,26.1,2,167,1.9,6,139,0.5,6,1
MAERSK KIMI,9162227,244132000,14.72085,42.0648,25/12/2018 13:52:12 +00:00,SSE,158,16.2,T-AIS,26.4,101320,32600,11.32,347,0.21,31,26.1,2,167,1.9,6,139,0.5,6,1
MAERSK KIMI,9162227,244132000,14.67815,42.08203,25/12/2018 14:02:01 +00:00,SSE,159,16.3,S-AIS,26.4,101320,32600,11.32,347,0.21,31,26.1,2,167,1.9,6,139,0.5,6,1
MAERSK KIMI,9162227,244132000,14.57738,42.12329,25/12/2018 14:25:48 +00:00,SSE,158,16.4,S-AIS,26.4,101320,32600,11.32,347,0.21,31,26.1,2,167,1.9,6,139,0.5,6,1
MAERSK KIMI,9162227,244132000,14.51305,42.14902,25/12/2018 14:41:02 +00:00,SSE,158,16.3,S-AIS,26.4,101320,32600,11.32,347,0.21,31,26.1,2,167,1.9,6,139,0.5,6,1
MAERSK KIMI,9162227,244132000,14.44667,42.17333,25/12/2018 14:56:44 +00:00,SSE,157,16,T-AIS,26.7,101280,32600,11.32,313,0.51,305,26.2,1.6,133,1.6,5,86,0.2,5,2
MAERSK KIMI,9162227,244132000,14.26833,42.24667,25/12/2018 15:38:41 +00:00,SSE,157,16,T-AIS,26.2,101410,29900,12.35,329,0.51,307,26.2,1.3,149,1.3,5,74,0.3,6,1
MAERSK KIMI,9162227,244132000,14.1942,42.27888,25/12/2018 15:55:59 +00:00,SSE,157,16.5,S-AIS,26.2,101410,29900,12.35,329,0.51,307,26.2,1.3,149,1.3,5,74,0.3,6,1
MAERSK KIMI,9162227,244132000,13.97333,42.37167,25/12/2018 16:47:51 +00:00,SSE,157,16,T-AIS,26.2,101410,29900,12.35,329,0.51,307,26.2,1.3,149,1.3,5,74,0.3,6,1
MAERSK KIMI,9162227,244132000,13.79667,42.44333,25/12/2018 17:29:24 +00:00,SSE,158,16,S-AIS,26.2,101410,29900,12.35,329,0.51,307,26.2,1.3,149,1.3,5,74,0.3,6,1
MAERSK KIMI,9162227,244132000,13.71421,42.47604,25/12/2018 17:49:22 +00:00,SSE,161,16.1,T-AIS,26.2,101410,29900,12.35,329,0.51,307,26.2,1.3,149,1.3,5,74,0.3,6,1
MAERSK KIMI,9162227,244132000,13.62912,42.50443,25/12/2018 18:08:49 +00:00,SSE,158,16.2,S-AIS,25.7,101510,30600,12.35,347,0.36,345,26.1,1.3,167,1.3,5,325,0.1,7,1
MAERSK KIMI,9162227,244132000,13.61079,42.5114,25/12/2018 18:13:07 +00:00,SSE,160,16.3,S-AIS,25.7,101510,30600,12.35,347,0.36,345,26.1,1.3,167,1.3,5,325,0.1,7,1
MAERSK KIMI,9162227,244132000,13.52167,42.55667,25/12/2018 18:36:01 +00:00,SE,142,16,T-AIS,25.7,101510,30600,12.35,347,0.36,345,26.1,1.3,167,1.3,5,325,0.1,7,1
MAERSK KIMI,9162227,244132000,13.47613,42.60975,25/12/2018 18:51:03 +00:00,SE,127,16.6,T-AIS,25.5,101580,32600,11.83,322,0.67,307,26.4,0.6,142,0.6,4,73,0.2,4,1
MAERSK KIMI,9162227,244132000,13.40169,42.73252,25/12/2018 19:21:48 +00:00,ESE,121,15.9,S-AIS,25.5,101580,32600,11.83,322,0.67,307,26.4,0.6,142,0.6,4,73,0.2,4,1
MAERSK KIMI,9162227,244132000,13.33333,42.84333,25/12/2018 19:50:48 +00:00,ESE,121,16,T-AIS,25.5,101580,32600,11.83,322,0.67,307,26.4,0.6,142,0.6,4,73,0.2,4,1
MAERSK KIMI,9162227,244132000,13.3317,42.8499,25/12/2018 19:51:48 +00:00,ESE,121,16.1,S-AIS,25.5,101580,32600,11.83,322,0.67,307,26.4,0.6,142,0.6,4,73,0.2,4,1
MAERSK KIMI,9162227,244132000,13.32461,42.86171,25/12/2018 19:54:49 +00:00,ESE,121,16,S-AIS,25.5,101580,32600,11.83,322,0.67,307,26.4,0.6,142,0.6,4,73,0.2,4,1
MAERSK KIMI,9162227,244132000,13.24966,42.98244,25/12/2018 20:27:49 +00:00,ESE,120,15.1,S-AIS,25.5,101580,32600,11.83,322,0.67,307,26.4,0.6,142,0.6,4,73,0.2,4,1
MAERSK KIMI,9162227,244132000,13.29074,42.91479,25/12/2018 20:51:17 +00:00,SE,124,15,T-AIS,25.5,101580,32600,11.83,322,0.67,307,26.4,0.6,142,0.6,4,73,0.2,4,1
MAERSK KIMI,9162227,244132000,13.13369,43.07132,25/12/2018 21:03:13 +00:00,SSE,152,15,S-AIS,25.2,101530,32600,11.83,321,0.67,319,26.4,0.6,141,0.6,4,70,0.2,4,2
MAERSK KIMI,9162227,244132000,12.98667,43.14167,25/12/2018 21:41:49 +00:00,SSE,154,15,T-AIS,25.2,101530,32600,11.83,321,0.67,319,26.4,0.6,141,0.6,4,70,0.2,4,2
MAERSK KIMI,9162227,244132000,12.92841,43.17096,25/12/2018 21:57:18 +00:00,SSE,155,15.6,T-AIS,25.2,101530,32600,11.83,321,0.67,319,26.4,0.6,141,0.6,4,70,0.2,4,2
MAERSK KIMI,9162227,244132000,12.74667,43.26167,25/12/2018 22:44:39 +00:00,SSE,153,14,T-AIS,25.2,101530,32600,11.83,321,0.67,319,26.4,0.6,141,0.6,4,70,0.2,4,2
MAERSK KIMI,9162227,244132000,12.7026,43.28365,25/12/2018 22:57:10 +00:00,SSE,154,15.2,T-AIS,25.2,101530,32600,11.83,321,0.67,319,26.4,0.6,141,0.6,4,70,0.2,4,2
MAERSK KIMI,9162227,244132000,12.56333,43.38833,25/12/2018 23:38:58 +00:00,SE,129,15,T-AIS,25.2,101530,32600,11.83,321,0.67,319,26.4,0.6,141,0.6,4,70,0.2,4,2
MAERSK KIMI,9162227,244132000,12.52965,43.43756,25/12/2018 23:52:43 +00:00,ESE,119,15.6,T-AIS,25.2,101530,32600,11.83,321,0.67,319,26.4,0.6,141,0.6,4,70,0.2,4,2
MAERSK KIMI,9162227,244132000,12.5162,43.46418,25/12/2018 23:58:44 +00:00,ESE,114,15.8,S-AIS,25.2,101530,32600,11.83,321,0.67,319,26.4,0.6,141,0.6,4,70,0.2,4,2
MAERSK KIMI,9162227,244132000,12.46193,43.59493,26/12/2018 00:29:08 +00:00,ESE,113,16.8,S-AIS,25.5,101650,32600,6.17,277,0.36,264,26.5,1.1,97,0.7,4,91,0.8,6,1
MAERSK KIMI,9162227,244132000,12.44333,43.635,26/12/2018 00:38:53 +00:00,ESE,113,17,T-AIS,25.5,101650,32600,6.17,277,0.36,264,26.5,1.1,97,0.7,4,91,0.8,6,1
MAERSK KIMI,9162227,244132000,12.42177,43.68818,26/12/2018 00:50:34 +00:00,ESE,114,17,T-AIS,25.5,101650,32600,6.17,277,0.36,264,26.5,1.1,97,0.7,4,91,0.8,6,1
MAERSK KIMI,9162227,244132000,12.4129,43.7085,26/12/2018 00:54:50 +00:00,ESE,113,17,S-AIS,25.5,101650,32600,6.17,277,0.36,264,26.5,1.1,97,0.7,4,91,0.8,6,1
MAERSK KIMI,9162227,244132000,12.41213,43.71028,26/12/2018 00:55:15 +00:00,ESE,113,17,S-AIS,25.5,101650,32600,6.17,277,0.36,264,26.5,1.1,97,0.7,4,91,0.8,6,1
MAERSK KIMI,9162227,244132000,12.41022,43.71472,26/12/2018 00:56:15 +00:00,ESE,113,17,S-AIS,25.5,101650,32600,6.17,277,0.36,264,26.5,1.1,97,0.7,4,91,0.8,6,1
MAERSK KIMI,9162227,244132000,12.40925,43.71692,26/12/2018 00:56:45 +00:00,ESE,114,17,S-AIS,25.5,101650,32600,6.17,277,0.36,264,26.5,1.1,97,0.7,4,91,0.8,6,1
MAERSK KIMI,9162227,244132000,12.40829,43.71912,26/12/2018 00:57:15 +00:00,ESE,114,17,S-AIS,25.5,101650,32600,6.17,277,0.36,264,26.5,1.1,97,0.7,4,91,0.8,6,1
MAERSK KIMI,9162227,244132000,12.4081,43.71956,26/12/2018 00:57:21 +00:00,ESE,114,17,S-AIS,25.5,101650,32600,6.17,277,0.36,264,26.5,1.1,97,0.7,4,91,0.8,6,1
MAERSK KIMI,9162227,244132000,12.40714,43.72178,26/12/2018 00:57:50 +00:00,ESE,113,17,S-AIS,25.5,101650,32600,6.17,277,0.36,264,26.5,1.1,97,0.7,4,91,0.8,6,1
MAERSK KIMI,9162227,244132000,12.40638,43.72355,26/12/2018 00:58:15 +00:00,ESE,113,17,S-AIS,25.5,101650,32600,6.17,277,0.36,264,26.5,1.1,97,0.7,4,91,0.8,6,1
MAERSK KIMI,9162227,244132000,12.40563,43.72533,26/12/2018 00:58:39 +00:00,ESE,113,17,S-AIS,25.5,101650,32600,6.17,277,0.36,264,26.5,1.1,97,0.7,4,91,0.8,6,1
MAERSK KIMI,9162227,244132000,12.40526,43.72622,26/12/2018 00:58:50 +00:00,ESE,112,17,S-AIS,25.5,101650,32600,6.17,277,0.36,264,26.5,1.1,97,0.7,4,91,0.8,6,1
MAERSK KIMI,9162227,244132000,12.40335,43.73067,26/12/2018 00:59:50 +00:00,ESE,114,17.1,S-AIS,25.5,101650,32600,6.17,277,0.36,264,26.5,1.1,97,0.7,4,91,0.8,6,1
MAERSK KIMI,9162227,244132000,12.39968,43.73909,26/12/2018 01:01:42 +00:00,ESE,113,17.1,S-AIS,25.5,101650,32600,6.17,277,0.36,264,26.5,1.1,97,0.7,4,91,0.8,6,1
MAERSK KIMI,9162227,244132000,12.33727,43.8881,26/12/2018 01:35:01 +00:00,ESE,113,17.5,T-AIS,25.5,101650,32600,6.17,277,0.36,264,26.5,1.1,97,0.7,4,91,0.8,6,1
MAERSK KIMI,9162227,244132000,12.33155,43.90179,26/12/2018 01:37:36 +00:00,ESE,114,17.4,S-AIS,25.5,101650,32600,6.17,277,0.36,264,26.5,1.1,97,0.7,4,91,0.8,6,1
MAERSK KIMI,9162227,244132000,12.32333,43.91833,26/12/2018 01:41:54 +00:00,ESE,114,17,T-AIS,25.5,101650,32600,6.17,277,0.36,264,26.5,1.1,97,0.7,4,91,0.8,6,1
MAERSK KIMI,9162227,244132000,12.30747,43.95508,26/12/2018 01:50:06 +00:00,ESE,115,17.1,T-AIS,25.5,101650,32600,6.17,277,0.36,264,26.5,1.1,97,0.7,4,91,0.8,6,1
MAERSK KIMI,9162227,244132000,12.25229,44.05669,26/12/2018 02:13:55 +00:00,ESE,116,17,S-AIS,25.5,101650,32600,6.17,277,0.36,264,26.5,1.1,97,0.7,4,91,0.8,6,1
MAERSK KIMI,9162227,244132000,12.22975,44.10329,26/12/2018 02:24:42 +00:00,ESE,115,16.8,S-AIS,25.5,101650,32600,6.17,277,0.36,264,26.5,1.1,97,0.7,4,91,0.8,6,1
MAERSK KIMI,9162227,244132000,12.21637,44.13177,26/12/2018 02:31:19 +00:00,ESE,114,16.8,S-AIS,25.5,101650,32600,6.17,277,0.36,264,26.5,1.1,97,0.7,4,91,0.8,6,1
MAERSK KIMI,9162227,244132000,12.18709,44.19292,26/12/2018 02:45:31 +00:00,ESE,115,16.9,S-AIS,25.5,101650,32600,6.17,277,0.36,264,26.5,1.1,97,0.7,4,91,0.8,6,1
MAERSK KIMI,9162227,244132000,12.04424,44.51057,26/12/2018 04:00:24 +00:00,ESE,111,16.4,S-AIS,25.6,101900,32600,7.72,260,0.62,229,26.7,1.3,80,1.1,5,94,0.7,6,2
MAERSK KIMI,9162227,244132000,12.04321,44.51317,26/12/2018 04:01:00 +00:00,ESE,111,16.4,S-AIS,25.6,101900,32600,7.72,260,0.62,229,26.7,1.3,80,1.1,5,94,0.7,6,2
MAERSK KIMI,9162227,244132000,12.04304,44.5136,26/12/2018 04:01:06 +00:00,ESE,111,16.4,S-AIS,25.6,101900,32600,7.72,260,0.62,229,26.7,1.3,80,1.1,5,94,0.7,6,2
MAERSK KIMI,9162227,244132000,12.04269,44.51447,26/12/2018 04:01:18 +00:00,ESE,111,16.4,S-AIS,25.6,101900,32600,7.72,260,0.62,229,26.7,1.3,80,1.1,5,94,0.7,6,2
MAERSK KIMI,9162227,244132000,12.04101,44.51878,26/12/2018 04:02:18 +00:00,ESE,111,16.4,S-AIS,25.6,101900,32600,7.72,260,0.62,229,26.7,1.3,80,1.1,5,94,0.7,6,2
MAERSK KIMI,9162227,244132000,12.03819,44.52617,26/12/2018 04:04:00 +00:00,ESE,111,16.4,S-AIS,25.6,101900,32600,7.72,260,0.62,229,26.7,1.3,80,1.1,5,94,0.7,6,2
MAERSK KIMI,9162227,244132000,12.0365,44.5305,26/12/2018 04:05:00 +00:00,ESE,111,16.4,S-AIS,25.6,101900,32600,7.72,260,0.62,229,26.7,1.3,80,1.1,5,94,0.7,6,2
MAERSK KIMI,9162227,244132000,11.92796,44.79606,26/12/2018 05:06:45 +00:00,ESE,113,16.5,S-AIS,25.6,101900,32600,7.72,260,0.62,229,26.7,1.3,80,1.1,5,94,0.7,6,2
MAERSK KIMI,9162227,244132000,11.92796,44.79606,26/12/2018 05:06:47 +00:00,ESE,113,16.5,S-AIS,25.6,101900,32600,7.72,260,0.62,229,26.7,1.3,80,1.1,5,94,0.7,6,2
MAERSK KIMI,9162227,244132000,11.92686,44.79863,26/12/2018 05:07:21 +00:00,ESE,113,16.4,S-AIS,25.6,101900,32600,7.72,260,0.62,229,26.7,1.3,80,1.1,5,94,0.7,6,2
MAERSK KIMI,9162227,244132000,11.92651,44.79948,26/12/2018 05:07:33 +00:00,ESE,112,16.4,S-AIS,25.6,101900,32600,7.72,260,0.62,229,26.7,1.3,80,1.1,5,94,0.7,6,2
MAERSK KIMI,9162227,244132000,11.92584,44.80114,26/12/2018 05:07:56 +00:00,ESE,112,16.4,S-AIS,25.6,101900,32600,7.72,260,0.62,229,26.7,1.3,80,1.1,5,94,0.7,6,2
MAERSK KIMI,9162227,244132000,11.92584,44.80114,26/12/2018 05:07:58 +00:00,ESE,112,16.4,S-AIS,25.6,101900,32600,7.72,260,0.62,229,26.7,1.3,80,1.1,5,94,0.7,6,2
MAERSK KIMI,9162227,244132000,11.92563,44.80165,26/12/2018 05:08:03 +00:00,ESE,112,16.4,S-AIS,25.6,101900,32600,7.72,260,0.62,229,26.7,1.3,80,1.1,5,94,0.7,6,2
MAERSK KIMI,9162227,244132000,11.92563,44.80165,26/12/2018 05:08:05 +00:00,ESE,112,16.4,S-AIS,25.6,101900,32600,7.72,260,0.62,229,26.7,1.3,80,1.1,5,94,0.7,6,2
MAERSK KIMI,9162227,244132000,11.92511,44.80294,26/12/2018 05:08:23 +00:00,ESE,112,16.4,S-AIS,25.6,101900,32600,7.72,260,0.62,229,26.7,1.3,80,1.1,5,94,0.7,6,2
MAERSK KIMI,9162227,244132000,11.92246,44.80938,26/12/2018 05:09:53 +00:00,ESE,113,16.4,S-AIS,25.6,101900,32600,7.72,260,0.62,229,26.7,1.3,80,1.1,5,94,0.7,6,2
MAERSK KIMI,9162227,244132000,11.92231,44.80974,26/12/2018 05:09:56 +00:00,ESE,113,16.5,S-AIS,25.6,101900,32600,7.72,260,0.62,229,26.7,1.3,80,1.1,5,94,0.7,6,2
MAERSK KIMI,9162227,244132000,11.92231,44.80974,26/12/2018 05:09:58 +00:00,ESE,113,16.5,S-AIS,25.6,101900,32600,7.72,260,0.62,229,26.7,1.3,80,1.1,5,94,0.7,6,2
MAERSK KIMI,9162227,244132000,11.92191,44.81067,26/12/2018 05:10:09 +00:00,ESE,113,16.4,S-AIS,25.6,101900,32600,7.72,260,0.62,229,26.7,1.3,80,1.1,5,94,0.7,6,2
MAERSK KIMI,9162227,244132000,11.92191,44.81067,26/12/2018 05:10:10 +00:00,ESE,113,16.4,S-AIS,25.6,101900,32600,7.72,260,0.62,229,26.7,1.3,80,1.1,5,94,0.7,6,2
MAERSK KIMI,9162227,244132000,11.91973,44.8158,26/12/2018 05:11:23 +00:00,ESE,113,16.4,S-AIS,25.6,101900,32600,7.72,260,0.62,229,26.7,1.3,80,1.1,5,94,0.7,6,2
MAERSK KIMI,9162227,244132000,11.90069,45.17541,26/12/2018 06:32:24 +00:00,ENE,71,16.4,S-AIS,25.6,101900,32600,7.72,260,0.62,229,26.7,1.3,80,1.1,5,94,0.7,6,2
MAERSK KIMI,9162227,244132000,11.95588,45.33511,26/12/2018 07:08:49 +00:00,ENE,70,16.6,S-AIS,25.6,101900,32600,7.72,260,0.62,229,26.7,1.3,80,1.1,5,94,0.7,6,2
MAERSK KIMI,9162227,244132000,12.00865,45.49567,26/12/2018 07:44:13 +00:00,ENE,71,17.1,S-AIS,25.6,101900,32600,7.72,260,0.62,229,26.7,1.3,80,1.1,5,94,0.7,6,2
MAERSK KIMI,9162227,244132000,12.05769,45.64774,26/12/2018 08:16:36 +00:00,ENE,72,17.7,S-AIS,25.4,101890,32600,8.75,257,0.1,211,26.6,1.4,77,1.3,5,105,0.5,5,1
MAERSK KIMI,9162227,244132000,12.05769,45.64774,26/12/2018 08:16:37 +00:00,ENE,72,17.7,S-AIS,25.4,101890,32600,8.75,257,0.1,211,26.6,1.4,77,1.3,5,105,0.5,5,1
MAERSK KIMI,9162227,244132000,12.46167,46.895,26/12/2018 12:32:28 +00:00,ENE,71,18,S-AIS,25.3,101550,32600,8.75,259,0.31,19,26.2,1.5,79,1.4,5,110,0.4,5,1
MAERSK KIMI,9162227,244132000,12.46217,46.89745,26/12/2018 12:32:44 +00:00,ENE,71,18.1,S-AIS,25.3,101550,32600,8.75,259,0.31,19,26.2,1.5,79,1.4,5,110,0.4,5,1
MAERSK KIMI,9162227,244132000,12.51674,47.06612,26/12/2018 13:08:01 +00:00,ENE,74,17.8,S-AIS,25.1,101560,32600,8.23,282,0.62,270,26.5,1.2,102,1,4,73,0.6,6,1
MAERSK KIMI,9162227,244132000,12.59571,47.33201,26/12/2018 14:04:26 +00:00,ENE,72,17.2,S-AIS,25.1,101560,32600,8.23,282,0.62,270,26.5,1.2,102,1,4,73,0.6,6,1
MAERSK KIMI,9162227,244132000,12.74333,47.815,26/12/2018 15:50:23 +00:00,ENE,74,16,S-AIS,24.8,101760,32600,8.23,272,0.46,258,26.3,1.3,92,1.2,5,58,0.4,6,1
MAERSK KIMI,9162227,244132000,12.76636,47.8959,26/12/2018 16:08:00 +00:00,ENE,74,16.6,S-AIS,24.8,101760,32600,8.23,272,0.46,258,26.3,1.3,92,1.2,5,58,0.4,6,1
MAERSK KIMI,9162227,244132000,12.77035,47.90994,26/12/2018 16:11:06 +00:00,ENE,73,16.5,S-AIS,24.8,101760,32600,8.23,272,0.46,258,26.3,1.3,92,1.2,5,58,0.4,6,1
MAERSK KIMI,9162227,244132000,12.77075,47.9113,26/12/2018 16:11:24 +00:00,ENE,73,16.5,S-AIS,24.8,101760,32600,8.23,272,0.46,258,26.3,1.3,92,1.2,5,58,0.4,6,1
MAERSK KIMI,9162227,244132000,12.77115,47.91265,26/12/2018 16:11:42 +00:00,ENE,73,16.5,S-AIS,24.8,101760,32600,8.23,272,0.46,258,26.3,1.3,92,1.2,5,58,0.4,6,1
MAERSK KIMI,9162227,244132000,12.8515,48.19402,26/12/2018 17:13:37 +00:00,ENE,73,16.6,S-AIS,24.8,101760,32600,8.23,272,0.46,258,26.3,1.3,92,1.2,5,58,0.4,6,1
MAERSK KIMI,9162227,244132000,12.86333,48.23833,26/12/2018 17:23:24 +00:00,ENE,73,16,S-AIS,24.8,101760,32600,8.23,272,0.46,258,26.3,1.3,92,1.2,5,58,0.4,6,1
MAERSK KIMI,9162227,244132000,12.86664,48.24675,26/12/2018 17:25:11 +00:00,ENE,74,16.6,S-AIS,24.8,101760,32600,8.23,272,0.46,258,26.3,1.3,92,1.2,5,58,0.4,6,1
MAERSK KIMI,9162227,244132000,12.95121,48.54106,26/12/2018 18:30:25 +00:00,ENE,72,16.3,S-AIS,24.7,101770,32600,8.23,267,0.31,198,26.3,1.3,87,1.1,5,72,0.7,6,1
MAERSK KIMI,9162227,244132000,12.98178,48.63756,26/12/2018 18:52:00 +00:00,ENE,72,16.7,S-AIS,24.7,101770,32600,8.23,267,0.31,198,26.3,1.3,87,1.1,5,72,0.7,6,1
MAERSK KIMI,9162227,244132000,13.04521,48.83767,26/12/2018 19:35:13 +00:00,ENE,71,17.2,S-AIS,24.7,101770,32600,8.23,267,0.31,198,26.3,1.3,87,1.1,5,72,0.7,6,1
MAERSK KIMI,9162227,244132000,13.42287,50.09141,27/12/2018 00:05:26 +00:00,ENE,74,17.4,S-AIS,24.8,101690,32600,7.2,248,0.46,32,25.6,1.5,68,1,4,88,1.1,7,1
MAERSK KIMI,9162227,244132000,13.42546,50.10049,27/12/2018 00:07:20 +00:00,ENE,73,17.4,S-AIS,24.8,101690,32600,7.2,248,0.46,32,25.6,1.5,68,1,4,88,1.1,7,1
MAERSK KIMI,9162227,244132000,13.47395,50.26295,27/12/2018 00:41:36 +00:00,ENE,71,17.1,S-AIS,24.8,101690,32600,7.2,248,0.46,32,25.6,1.5,68,1,4,88,1.1,7,1
MAERSK KIMI,9162227,244132000,13.50261,50.35036,27/12/2018 01:00:31 +00:00,ENE,72,17.2,S-AIS,24.4,101740,32600,5.66,253,0.57,299,25.7,1.3,73,0.9,4,107,1,8,2
MAERSK KIMI,9162227,244132000,13.55488,50.50626,27/12/2018 01:33:50 +00:00,ENE,71,17.5,S-AIS,24.4,101710,32600,6.69,255,0.21,349,25.9,1.4,75,1.1,5,101,0.9,8,1
MAERSK KIMI,9162227,244132000,13.80838,51.29551,27/12/2018 04:21:47 +00:00,ENE,70,17,S-AIS,24.5,101890,32600,7.2,243,0.26,340,25.6,1.4,63,1,5,102,1,8,1
MAERSK KIMI,9162227,244132000,14.02972,51.98314,27/12/2018 06:49:19 +00:00,ENE,71,18.1,S-AIS,24.5,101870,32600,7.2,231,0.31,8,25.8,1.6,51,1,4,90,1.2,7,1
MAERSK KIMI,9162227,244132000,14.61167,53.17833,27/12/2018 11:35:29 +00:00,NNE,28,16,S-AIS,24.9,101530,32600,7.2,244,0.1,245,25.6,1.4,64,0.8,4,97,1.1,7,2
MAERSK KIMI,9162227,244132000,14.94877,53.33811,27/12/2018 12:54:13 +00:00,NNE,24,17.1,S-AIS,24.9,101530,32600,7.2,244,0.1,245,25.6,1.4,64,0.8,4,97,1.1,7,2
MAERSK KIMI,9162227,244132000,15.8827,53.7233,27/12/2018 16:17:49 +00:00,NNE,21,18.5,S-AIS,24.3,101700,32600,6.69,256,0.26,197,25.4,1.2,76,0.7,3,101,1,7,2
MAERSK KIMI,9162227,244132000,15.94309,53.74743,27/12/2018 16:30:24 +00:00,NNE,20,18.1,S-AIS,24.3,101700,32600,6.69,256,0.26,197,25.4,1.2,76,0.7,3,101,1,7,2
"Date printed:Tue Jul 30 2019 07:08:19 GMT+0100 (British Summer Time), Number of records:382",,,,,,,,,,,,,,,,,,,,,,,,,